bytes_in,bytes_out,creation_time,end_time,src_ip,src_ip_country_code,protocol,response.code,dst_port,dst_ip,rule_names,observation_name,source.meta,source.name,time,detection_types,duration_seconds,scaled_bytes_in,scaled_bytes_out,scaled_duration_seconds,anomaly
5602,12990,2024-04-25 23:00:00+00:00,2024-04-25 23:10:00+00:00,147.161.161.82,AE,HTTPS,200,443,10.138.69.97,Suspicious Web Traffic,Adversary Infrastructure Interaction,AWS_VPC_Flow,prod_webserver,2024-04-25 23:00:00+00:00,waf_rule,600.0,-0.28821898308929617,-0.2812227163556807,0.0,Normal
30912,18186,2024-04-25 23:00:00+00:00,2024-04-25 23:10:00+00:00,165.225.33.6,US,HTTPS,200,443,10.138.69.97,Suspicious Web Traffic,Adversary Infrastructure Interaction,AWS_VPC_Flow,prod_webserver,2024-04-25 23:00:00+00:00,waf_rule,600.0,-0.2821083325450911,-0.2608042476158271,0.0,Normal
28506,13468,2024-04-25 23:00:00+00:00,2024-04-25 23:10:00+00:00,165.225.212.255,CA,HTTPS,200,443,10.138.69.97,Suspicious Web Traffic,Adversary Infrastructure Interaction,AWS_VPC_Flow,prod_webserver,2024-04-25 23:00:00+00:00,waf_rule,600.0,-0.28268921856679624,-0.27934434298045935,0.0,Normal
30546,14278,2024-04-25 23:00:00+00:00,2024-04-25 23:10:00+00:00,136.226.64.114,US,HTTPS,200,443,10.138.69.97,Suspicious Web Traffic,Adversary Infrastructure Interaction,AWS_VPC_Flow,prod_webserver,2024-04-25 23:00:00+00:00,waf_rule,600.0,-0.28219669675288167,-0.27616132533625587,0.0,Normal
6526,13892,2024-04-25 23:00:00+00:00,2024-04-25 23:10:00+00:00,165.225.240.79,NL,HTTPS,200,443,10.138.69.97,Suspicious Web Traffic,Adversary Infrastructure Interaction,AWS_VPC_Flow,prod_webserver,2024-04-25 23:00:00+00:00,waf_rule,600.0,-0.28799589967946426,-0.27767817078151824,0.0,Normal
3906,3488,2024-04-25 23:00:00+00:00,2024-04-25 23:10:00+00:00,136.226.77.103,CA,HTTPS,200,443,10.138.69.97,Suspicious Web Traffic,Adversary Infrastructure Interaction,AWS_VPC_Flow,prod_webserver,2024-04-25 23:00:00+00:00,waf_rule,600.0,-0.28862845220517813,-0.31856226407817656,0.0,Normal
17748,29208,2024-04-25 23:00:00+00:00,2024-04-25 23:10:00+00:00,165.225.26.101,DE,HTTPS,200,443,10.138.69.97,Suspicious Web Traffic,Adversary Infrastructure Interaction,AWS_VPC_Flow,prod_webserver,2024-04-25 23:00:00+00:00,waf_rule,600.0,-0.2852865468384106,-0.21749162974618394,0.0,Normal
4767917,291520,2024-04-25 23:00:00+00:00,2024-04-25 23:10:00+00:00,155.91.45.242,US,HTTPS,200,443,10.138.69.97,Suspicious Web Traffic,Adversary Infrastructure Interaction,AWS_VPC_Flow,prod_webserver,2024-04-25 23:00:00+00:00,waf_rule,600.0,0.8615574983973137,0.8133030915949376,0.0,Normal
10538,15514,2024-04-25 23:00:00+00:00,2024-04-25 23:10:00+00:00,165.225.209.4,CA,HTTPS,200,443,10.138.69.97,Suspicious Web Traffic,Adversary Infrastructure Interaction,AWS_VPC_Flow,prod_webserver,2024-04-25 23:00:00+00:00,waf_rule,600.0,-0.2870272734454323,-0.2713042761902861,0.0,Normal
9656,6380,2024-04-25 23:00:00+00:00,2024-04-25 23:10:00+00:00,147.161.131.1,AT,HTTPS,200,443,10.138.69.97,Suspicious Web Traffic,Adversary Infrastructure Interaction,AWS_VPC_Flow,prod_webserver,2024-04-25 23:00:00+00:00,waf_rule,600.0,-0.2872402167002718,-0.3071977121929463,0.0,Normal
57208,32874,2024-04-25 23:10:00+00:00,2024-04-25 23:20:00+00:00,165.225.33.6,US,HTTPS,200,443,10.138.69.97,Suspicious Web Traffic,Adversary Infrastructure Interaction,AWS_VPC_Flow,prod_webserver,2024-04-25 23:10:00+00:00,waf_rule,600.0,-0.2757596297908273,-0.20308552766760365,0.0,Normal
18162,30492,2024-04-25 23:10:00+00:00,2024-04-25 23:20:00+00:00,136.226.67.101,US,HTTPS,200,443,10.138.69.97,Suspicious Web Traffic,Adversary Infrastructure Interaction,AWS_VPC_Flow,prod_webserver,2024-04-25 23:10:00+00:00,waf_rule,600.0,-0.2851865938820573,-0.2124459573324095,0.0,Normal
28056,4832,2024-04-25 23:10:00+00:00,2024-04-25 23:20:00+00:00,165.225.212.255,CA,HTTPS,200,443,10.138.69.97,Suspicious Web Traffic,Adversary Infrastructure Interaction,AWS_VPC_Flow,prod_webserver,2024-04-25 23:10:00+00:00,waf_rule,600.0,-0.2827978630845715,-0.3132808125796463,0.0,Normal
73752,18924,2024-04-25 23:10:00+00:00,2024-04-25 23:20:00+00:00,136.226.64.114,US,HTTPS,200,443,10.138.69.97,Suspicious Web Traffic,Adversary Infrastructure Interaction,AWS_VPC_Flow,prod_webserver,2024-04-25 23:10:00+00:00,waf_rule,600.0,-0.2717653744528846,-0.25790416487333057,0.0,Normal
4080,11282,2024-04-25 23:10:00+00:00,2024-04-25 23:20:00+00:00,94.188.248.74,IL,HTTPS,200,443,10.138.69.97,Suspicious Web Traffic,Adversary Infrastructure Interaction,AWS_VPC_Flow,prod_webserver,2024-04-25 23:10:00+00:00,waf_rule,600.0,-0.2885864429916383,-0.2879345609683962,0.0,Normal
1968903,38773,2024-04-25 23:10:00+00:00,2024-04-25 23:20:00+00:00,165.225.240.79,NL,HTTPS,200,443,10.138.69.97,Suspicious Web Traffic,Adversary Infrastructure Interaction,AWS_VPC_Flow,prod_webserver,2024-04-25 23:10:00+00:00,waf_rule,600.0,0.18578521778341858,-0.17990451398469445,0.0,Normal
6958,12854,2024-04-25 23:10:00+00:00,2024-04-25 23:20:00+00:00,136.226.77.103,CA,HTTPS,200,443,10.138.69.97,Suspicious Web Traffic,Adversary Infrastructure Interaction,AWS_VPC_Flow,prod_webserver,2024-04-25 23:10:00+00:00,waf_rule,600.0,-0.2878916009424,-0.28175714894779386,0.0,Normal
8310,6276,2024-04-25 23:10:00+00:00,2024-04-25 23:20:00+00:00,165.225.26.101,DE,HTTPS,200,443,10.138.69.97,Suspicious Web Traffic,Adversary Infrastructure Interaction,AWS_VPC_Flow,prod_webserver,2024-04-25 23:10:00+00:00,waf_rule,600.0,-0.2875651845245507,-0.30760639593985634,0.0,Normal
4804723,291088,2024-04-25 23:10:00+00:00,2024-04-25 23:20:00+00:00,155.91.45.242,US,HTTPS,200,443,10.138.69.97,Suspicious Web Traffic,Adversary Infrastructure Interaction,AWS_VPC_Flow,prod_webserver,2024-04-25 23:10:00+00:00,waf_rule,600.0,0.8704436542222845,0.8116054821846957,0.0,Normal
11820,24620,2024-04-25 23:10:00+00:00,2024-04-25 23:20:00+00:00,165.225.209.4,CA,HTTPS,200,443,10.138.69.97,Suspicious Web Traffic,Adversary Infrastructure Interaction,AWS_VPC_Flow,prod_webserver,2024-04-25 23:10:00+00:00,waf_rule,600.0,-0.28671775728590354,-0.23552087042717856,0.0,Normal
8206,6068,2024-04-25 23:10:00+00:00,2024-04-25 23:20:00+00:00,147.161.131.1,AT,HTTPS,200,443,10.138.69.97,Suspicious Web Traffic,Adversary Infrastructure Interaction,AWS_VPC_Flow,prod_webserver,2024-04-25 23:10:00+00:00,waf_rule,600.0,-0.2875902934797699,-0.3084237634336765,0.0,Normal
29356,17408,2024-04-25 23:20:00+00:00,2024-04-25 23:30:00+00:00,165.225.33.6,US,HTTPS,200,443,10.138.69.97,Suspicious Web Traffic,Adversary Infrastructure Interaction,AWS_VPC_Flow,prod_webserver,2024-04-25 23:20:00+00:00,waf_rule,600.0,-0.2824840011443318,-0.2638615164148275,0.0,Normal
26178,33801,2024-04-25 23:20:00+00:00,2024-04-25 23:30:00+00:00,136.226.67.101,US,HTTPS,200,443,10.138.69.97,Suspicious Web Traffic,Adversary Infrastructure Interaction,AWS_VPC_Flow,prod_webserver,2024-04-25 23:20:00+00:00,waf_rule,600.0,-0.283251272872087,-0.19944274080812632,0.0,Normal
29308,15652,2024-04-25 23:20:00+00:00,2024-04-25 23:30:00+00:00,165.225.213.7,CA,HTTPS,200,443,10.138.69.97,Suspicious Web Traffic,Adversary Infrastructure Interaction,AWS_VPC_Flow,prod_webserver,2024-04-25 23:20:00+00:00,waf_rule,600.0,-0.2824955898928945,-0.2707619842953477,0.0,Normal
60068,12628,2024-04-25 23:20:00+00:00,2024-04-25 23:30:00+00:00,136.226.64.114,US,HTTPS,200,443,10.138.69.97,Suspicious Web Traffic,Adversary Infrastructure Interaction,AWS_VPC_Flow,prod_webserver,2024-04-25 23:20:00+00:00,waf_rule,600.0,-0.27506913352229995,-0.28264525016704073,0.0,Normal
4043,7629,2024-04-25 23:20:00+00:00,2024-04-25 23:30:00+00:00,165.225.240.79,NL,HTTPS,200,443,10.138.69.97,Suspicious Web Traffic,Adversary Infrastructure Interaction,AWS_VPC_Flow,prod_webserver,2024-04-25 23:20:00+00:00,waf_rule,600.0,-0.2885953759853221,-0.30228957757861274,0.0,Normal
3102,11038,2024-04-25 23:20:00+00:00,2024-04-25 23:30:00+00:00,165.225.8.79,US,HTTPS,200,443,10.138.69.97,Suspicious Web Traffic,Adversary Infrastructure Interaction,AWS_VPC_Flow,prod_webserver,2024-04-25 23:20:00+00:00,waf_rule,600.0,-0.28882256374360327,-0.28889339591306984,0.0,Normal
8310,6070,2024-04-25 23:20:00+00:00,2024-04-25 23:30:00+00:00,165.225.26.101,DE,HTTPS,200,443,10.138.69.97,Suspicious Web Traffic,Adversary Infrastructure Interaction,AWS_VPC_Flow,prod_webserver,2024-04-25 23:20:00+00:00,waf_rule,600.0,-0.2875651845245507,-0.3084159041308513,0.0,Normal
5528,12010,2024-04-25 23:20:00+00:00,2024-04-25 23:30:00+00:00,165.225.209.4,CA,HTTPS,200,443,10.138.69.97,Suspicious Web Traffic,Adversary Infrastructure Interaction,AWS_VPC_Flow,prod_webserver,2024-04-25 23:20:00+00:00,waf_rule,600.0,-0.2882368490766637,-0.28507377474002565,0.0,Normal
4926,11570,2024-04-25 23:20:00+00:00,2024-04-25 23:30:00+00:00,147.161.131.1,AT,HTTPS,200,443,10.138.69.97,Suspicious Web Traffic,Adversary Infrastructure Interaction,AWS_VPC_Flow,prod_webserver,2024-04-25 23:20:00+00:00,waf_rule,600.0,-0.28838219129822085,-0.2868028213615683,0.0,Normal
7724,6288,2024-04-25 23:20:00+00:00,2024-04-25 23:30:00+00:00,136.226.80.97,US,HTTPS,200,443,10.138.69.97,Suspicious Web Traffic,Adversary Infrastructure Interaction,AWS_VPC_Flow,prod_webserver,2024-04-25 23:20:00+00:00,waf_rule,600.0,-0.28770666382992033,-0.3075592401229052,0.0,Normal
80,528,2024-04-25 23:20:00+00:00,2024-04-25 23:30:00+00:00,192.241.230.19,US,HTTPS,200,443,10.138.69.97,Suspicious Web Traffic,Adversary Infrastructure Interaction,AWS_VPC_Flow,prod_webserver,2024-04-25 23:20:00+00:00,waf_rule,600.0,-0.28955217203852973,-0.3301940322594634,0.0,Normal
23048,24124,2024-04-25 23:30:00+00:00,2024-04-25 23:40:00+00:00,136.226.67.101,US,HTTPS,200,443,10.138.69.97,Suspicious Web Traffic,Adversary Infrastructure Interaction,AWS_VPC_Flow,prod_webserver,2024-04-25 23:30:00+00:00,waf_rule,600.0,-0.2840069558512795,-0.23746997752782664,0.0,Normal
28444,13468,2024-04-25 23:30:00+00:00,2024-04-25 23:40:00+00:00,165.225.212.255,CA,HTTPS,200,443,10.138.69.97,Suspicious Web Traffic,Adversary Infrastructure Interaction,AWS_VPC_Flow,prod_webserver,2024-04-25 23:30:00+00:00,waf_rule,600.0,-0.2827041873670231,-0.27934434298045935,0.0,Normal
5824,11568,2024-04-25 23:30:00+00:00,2024-04-25 23:40:00+00:00,136.226.77.103,CA,HTTPS,200,443,10.138.69.97,Suspicious Web Traffic,Adversary Infrastructure Interaction,AWS_VPC_Flow,prod_webserver,2024-04-25 23:30:00+00:00,waf_rule,600.0,-0.2881653851271937,-0.28681068066439347,0.0,Normal
10474,23244,2024-04-25 23:30:00+00:00,2024-04-25 23:40:00+00:00,165.225.26.101,DE,HTTPS,200,443,10.138.69.97,Suspicious Web Traffic,Adversary Infrastructure Interaction,AWS_VPC_Flow,prod_webserver,2024-04-25 23:30:00+00:00,waf_rule,600.0,-0.28704272511018253,-0.2409280707709119,0.0,Normal
4190330,283456,2024-04-25 23:30:00+00:00,2024-04-25 23:40:00+00:00,155.91.45.242,US,HTTPS,200,443,10.138.69.97,Suspicious Web Traffic,Adversary Infrastructure Interaction,AWS_VPC_Flow,prod_webserver,2024-04-25 23:30:00+00:00,waf_rule,600.0,0.7221093626456033,0.7816143826037562,0.0,Suspicious
5080,11512,2024-04-25 23:30:00+00:00,2024-04-25 23:40:00+00:00,165.225.209.4,CA,HTTPS,200,443,10.138.69.97,Suspicious Web Traffic,Adversary Infrastructure Interaction,AWS_VPC_Flow,prod_webserver,2024-04-25 23:30:00+00:00,waf_rule,600.0,-0.28834501072991553,-0.2870307411434989,0.0,Normal
4220,11672,2024-04-25 23:30:00+00:00,2024-04-25 23:40:00+00:00,136.226.80.97,US,HTTPS,200,443,10.138.69.97,Suspicious Web Traffic,Adversary Infrastructure Interaction,AWS_VPC_Flow,prod_webserver,2024-04-25 23:30:00+00:00,waf_rule,600.0,-0.2885526424749972,-0.2864019969174834,0.0,Normal
952,668,2024-04-25 23:30:00+00:00,2024-04-25 23:40:00+00:00,192.241.230.19,US,HTTPS,200,443,10.138.69.97,Suspicious Web Traffic,Adversary Infrastructure Interaction,AWS_VPC_Flow,prod_webserver,2024-04-25 23:30:00+00:00,waf_rule,600.0,-0.2893416431063074,-0.32964388106169984,0.0,Normal
36745,28952,2024-04-25 23:40:00+00:00,2024-04-25 23:50:00+00:00,165.225.33.6,US,HTTPS,200,443,10.138.69.97,Suspicious Web Traffic,Adversary Infrastructure Interaction,AWS_VPC_Flow,prod_webserver,2024-04-25 23:40:00+00:00,waf_rule,600.0,-0.28070005816246174,-0.21849762050780874,0.0,Normal
12068,25589,2024-04-25 23:40:00+00:00,2024-04-25 23:50:00+00:00,136.226.67.101,US,HTTPS,200,443,10.138.69.97,Suspicious Web Traffic,Adversary Infrastructure Interaction,AWS_VPC_Flow,prod_webserver,2024-04-25 23:40:00+00:00,waf_rule,600.0,-0.2866578820849963,-0.23171303820837216,0.0,Normal
57462,20222,2024-04-25 23:40:00+00:00,2024-04-25 23:50:00+00:00,165.225.212.255,CA,HTTPS,200,443,10.138.69.97,Suspicious Web Traffic,Adversary Infrastructure Interaction,AWS_VPC_Flow,prod_webserver,2024-04-25 23:40:00+00:00,waf_rule,600.0,-0.27569830599634965,-0.2528034773397798,0.0,Normal
2015975,79990,2024-04-25 23:40:00+00:00,2024-04-25 23:50:00+00:00,165.225.240.79,NL,HTTPS,200,443,10.138.69.97,Suspicious Web Traffic,Adversary Infrastructure Interaction,AWS_VPC_Flow,prod_webserver,2024-04-25 23:40:00+00:00,waf_rule,600.0,0.19714991720723615,-0.01793607171168748,0.0,Suspicious
4064,11384,2024-04-25 23:40:00+00:00,2024-04-25 23:50:00+00:00,94.188.248.74,IL,HTTPS,200,443,10.138.69.97,Suspicious Web Traffic,Adversary Infrastructure Interaction,AWS_VPC_Flow,prod_webserver,2024-04-25 23:40:00+00:00,waf_rule,600.0,-0.2885903059078259,-0.2875337365243113,0.0,Normal
33268,9986,2024-04-25 23:40:00+00:00,2024-04-25 23:50:00+00:00,136.226.77.103,CA,HTTPS,200,443,10.138.69.97,Suspicious Web Traffic,Adversary Infrastructure Interaction,AWS_VPC_Flow,prod_webserver,2024-04-25 23:40:00+00:00,waf_rule,600.0,-0.2815395181364721,-0.2930273891991218,0.0,Normal
7424,14656,2024-04-25 23:40:00+00:00,2024-04-25 23:50:00+00:00,165.225.26.101,DE,HTTPS,200,443,10.138.69.97,Suspicious Web Traffic,Adversary Infrastructure Interaction,AWS_VPC_Flow,prod_webserver,2024-04-25 23:40:00+00:00,waf_rule,600.0,-0.28777909350843717,-0.2746759171022942,0.0,Normal
4758826,289956,2024-04-25 23:40:00+00:00,2024-04-25 23:50:00+00:00,155.91.45.242,US,HTTPS,200,443,10.138.69.97,Suspicious Web Traffic,Adversary Infrastructure Interaction,AWS_VPC_Flow,prod_webserver,2024-04-25 23:40:00+00:00,waf_rule,600.0,0.8593626377059914,0.8071571167856361,0.0,Normal
17736,36370,2024-04-25 23:40:00+00:00,2024-04-25 23:50:00+00:00,165.225.209.4,CA,HTTPS,200,443,10.138.69.97,Suspicious Web Traffic,Adversary Infrastructure Interaction,AWS_VPC_Flow,prod_webserver,2024-04-25 23:40:00+00:00,waf_rule,600.0,-0.28528944402555123,-0.18934746632916483,0.0,Normal
60686,35910,2024-04-25 23:50:00+00:00,2024-04-26 00:00:00+00:00,165.225.33.6,US,HTTPS,200,443,10.138.69.97,Suspicious Web Traffic,Adversary Infrastructure Interaction,AWS_VPC_Flow,prod_webserver,2024-04-25 23:50:00+00:00,waf_rule,600.0,-0.27491992838455526,-0.19115510597895943,0.0,Normal
21698,21218,2024-04-25 23:50:00+00:00,2024-04-26 00:00:00+00:00,136.226.67.101,US,HTTPS,200,443,10.138.69.97,Suspicious Web Traffic,Adversary Infrastructure Interaction,AWS_VPC_Flow,prod_webserver,2024-04-25 23:50:00+00:00,waf_rule,600.0,-0.2843328894046053,-0.24888954453283327,0.0,Normal
28296,7230,2024-04-25 23:50:00+00:00,2024-04-26 00:00:00+00:00,165.225.213.7,CA,HTTPS,200,443,10.138.69.97,Suspicious Web Traffic,Adversary Infrastructure Interaction,AWS_VPC_Flow,prod_webserver,2024-04-25 23:50:00+00:00,waf_rule,600.0,-0.282739919341758,-0.3038575084922389,0.0,Normal
4721,8322,2024-04-25 23:50:00+00:00,2024-04-26 00:00:00+00:00,165.225.240.79,NL,HTTPS,200,443,10.138.69.97,Suspicious Web Traffic,Adversary Infrastructure Interaction,AWS_VPC_Flow,prod_webserver,2024-04-25 23:50:00+00:00,waf_rule,600.0,-0.288431684911874,-0.29956632914968306,0.0,Normal
9968,6646,2024-04-25 23:50:00+00:00,2024-04-26 00:00:00+00:00,165.225.26.101,DE,HTTPS,200,443,10.138.69.97,Suspicious Web Traffic,Adversary Infrastructure Interaction,AWS_VPC_Flow,prod_webserver,2024-04-25 23:50:00+00:00,waf_rule,600.0,-0.28716488983461425,-0.30615242491719546,0.0,Normal
4791678,291275,2024-04-25 23:50:00+00:00,2024-04-26 00:00:00+00:00,155.91.45.242,US,HTTPS,200,443,10.138.69.97,Suspicious Web Traffic,Adversary Infrastructure Interaction,AWS_VPC_Flow,prod_webserver,2024-04-25 23:50:00+00:00,waf_rule,600.0,0.8672941703681101,0.8123403269988514,0.0,Normal
10768,7248,2024-04-25 23:50:00+00:00,2024-04-26 00:00:00+00:00,165.225.209.4,CA,HTTPS,200,443,10.138.69.97,Suspicious Web Traffic,Adversary Infrastructure Interaction,AWS_VPC_Flow,prod_webserver,2024-04-25 23:50:00+00:00,waf_rule,600.0,-0.286971744025236,-0.30378677476681215,0.0,Normal
3996,11776,2024-04-25 23:50:00+00:00,2024-04-26 00:00:00+00:00,147.161.131.1,AT,HTTPS,200,443,10.138.69.97,Suspicious Web Traffic,Adversary Infrastructure Interaction,AWS_VPC_Flow,prod_webserver,2024-04-25 23:50:00+00:00,waf_rule,600.0,-0.28860672330162307,-0.2859933131705733,0.0,Normal
4220,11570,2024-04-25 23:50:00+00:00,2024-04-26 00:00:00+00:00,136.226.80.97,US,HTTPS,200,443,10.138.69.97,Suspicious Web Traffic,Adversary Infrastructure Interaction,AWS_VPC_Flow,prod_webserver,2024-04-25 23:50:00+00:00,waf_rule,600.0,-0.2885526424749972,-0.2868028213615683,0.0,Normal
26354,13404,2024-04-26 00:00:00+00:00,2024-04-26 00:10:00+00:00,147.161.161.82,AE,HTTPS,200,443,10.138.69.97,Suspicious Web Traffic,Adversary Infrastructure Interaction,AWS_VPC_Flow,prod_webserver,2024-04-26 00:00:00+00:00,waf_rule,600.0,-0.2832087807940238,-0.27959584067086557,0.0,Normal
33777,20132,2024-04-26 00:00:00+00:00,2024-04-26 00:10:00+00:00,165.225.33.6,US,HTTPS,200,443,10.138.69.97,Suspicious Web Traffic,Adversary Infrastructure Interaction,AWS_VPC_Flow,prod_webserver,2024-04-26 00:00:00+00:00,waf_rule,600.0,-0.28141662911525517,-0.2531571459669135,0.0,Normal
28762,43272,2024-04-26 00:00:00+00:00,2024-04-26 00:10:00+00:00,136.226.67.101,US,HTTPS,200,443,10.138.69.97,Suspicious Web Traffic,Adversary Infrastructure Interaction,AWS_VPC_Flow,prod_webserver,2024-04-26 00:00:00+00:00,waf_rule,600.0,-0.2826274119077952,-0.16222501227942093,0.0,Normal
28478,13260,2024-04-26 00:00:00+00:00,2024-04-26 00:10:00+00:00,165.225.212.255,CA,HTTPS,200,443,10.138.69.97,Suspicious Web Traffic,Adversary Infrastructure Interaction,AWS_VPC_Flow,prod_webserver,2024-04-26 00:00:00+00:00,waf_rule,600.0,-0.28269597867012447,-0.2801617104742795,0.0,Normal
4288,11490,2024-04-26 00:00:00+00:00,2024-04-26 00:10:00+00:00,94.188.248.74,IL,HTTPS,200,443,10.138.69.97,Suspicious Web Traffic,Adversary Infrastructure Interaction,AWS_VPC_Flow,prod_webserver,2024-04-26 00:00:00+00:00,waf_rule,600.0,-0.2885362250812,-0.28711719347457604,0.0,Normal
8874,14968,2024-04-26 00:00:00+00:00,2024-04-26 00:10:00+00:00,165.225.26.101,DE,HTTPS,200,443,10.138.69.97,Suspicious Web Traffic,Adversary Infrastructure Interaction,AWS_VPC_Flow,prod_webserver,2024-04-26 00:00:00+00:00,waf_rule,600.0,-0.28742901672893906,-0.273449865861564,0.0,Normal
4793434,292176,2024-04-26 00:00:00+00:00,2024-04-26 00:10:00+00:00,155.91.45.242,US,HTTPS,200,443,10.138.69.97,Suspicious Web Traffic,Adversary Infrastructure Interaction,AWS_VPC_Flow,prod_webserver,2024-04-26 00:00:00+00:00,waf_rule,600.0,0.8677181254196954,0.8158809429216012,0.0,Normal
16948,20348,2024-04-26 00:00:00+00:00,2024-04-26 00:10:00+00:00,165.225.209.4,CA,HTTPS,200,443,10.138.69.97,Suspicious Web Traffic,Adversary Infrastructure Interaction,AWS_VPC_Flow,prod_webserver,2024-04-26 00:00:00+00:00,waf_rule,600.0,-0.28547969264778883,-0.2523083412617926,0.0,Normal
5810,13090,2024-04-26 00:10:00+00:00,2024-04-26 00:20:00+00:00,147.161.161.82,AE,HTTPS,200,443,10.138.69.97,Suspicious Web Traffic,Adversary Infrastructure Interaction,AWS_VPC_Flow,prod_webserver,2024-04-26 00:10:00+00:00,waf_rule,600.0,-0.28816876517885787,-0.280829751214421,0.0,Normal
28730,28386,2024-04-26 00:10:00+00:00,2024-04-26 00:20:00+00:00,136.226.67.101,US,HTTPS,200,443,10.138.69.97,Suspicious Web Traffic,Adversary Infrastructure Interaction,AWS_VPC_Flow,prod_webserver,2024-04-26 00:10:00+00:00,waf_rule,600.0,-0.28263513774017035,-0.22072180320733858,0.0,Normal
29002,15654,2024-04-26 00:10:00+00:00,2024-04-26 00:20:00+00:00,165.225.213.7,CA,HTTPS,200,443,10.138.69.97,Suspicious Web Traffic,Adversary Infrastructure Interaction,AWS_VPC_Flow,prod_webserver,2024-04-26 00:10:00+00:00,waf_rule,600.0,-0.28256946816498174,-0.2707541249925225,0.0,Normal
44270,21924,2024-04-26 00:10:00+00:00,2024-04-26 00:20:00+00:00,136.226.64.114,US,HTTPS,200,443,10.138.69.97,Suspicious Web Traffic,Adversary Infrastructure Interaction,AWS_VPC_Flow,prod_webserver,2024-04-26 00:10:00+00:00,waf_rule,600.0,-0.27888328039299737,-0.24611521063553984,0.0,Normal
2019990,55292,2024-04-26 00:10:00+00:00,2024-04-26 00:20:00+00:00,165.225.240.79,NL,HTTPS,200,443,10.138.69.97,Suspicious Web Traffic,Adversary Infrastructure Interaction,AWS_VPC_Flow,prod_webserver,2024-04-26 00:10:00+00:00,waf_rule,600.0,0.19811926773805336,-0.11499060230000605,0.0,Normal
3498,2800,2024-04-26 00:10:00+00:00,2024-04-26 00:20:00+00:00,94.188.248.74,IL,HTTPS,200,443,10.138.69.97,Suspicious Web Traffic,Adversary Infrastructure Interaction,AWS_VPC_Flow,prod_webserver,2024-04-26 00:10:00+00:00,waf_rule,600.0,-0.28872695656796105,-0.3212658642500432,0.0,Normal
16698,26610,2024-04-26 00:10:00+00:00,2024-04-26 00:20:00+00:00,165.225.26.101,DE,HTTPS,200,443,10.138.69.97,Suspicious Web Traffic,Adversary Infrastructure Interaction,AWS_VPC_Flow,prod_webserver,2024-04-26 00:10:00+00:00,waf_rule,600.0,-0.28554005071321953,-0.2277008641161107,0.0,Normal
4794053,290955,2024-04-26 00:10:00+00:00,2024-04-26 00:20:00+00:00,155.91.45.242,US,HTTPS,200,443,10.138.69.97,Suspicious Web Traffic,Adversary Infrastructure Interaction,AWS_VPC_Flow,prod_webserver,2024-04-26 00:10:00+00:00,waf_rule,600.0,0.8678675719897019,0.8110828385468204,0.0,Normal
6606,12794,2024-04-26 00:10:00+00:00,2024-04-26 00:20:00+00:00,165.225.209.4,CA,HTTPS,200,443,10.138.69.97,Suspicious Web Traffic,Adversary Infrastructure Interaction,AWS_VPC_Flow,prod_webserver,2024-04-26 00:10:00+00:00,waf_rule,600.0,-0.28797658509852647,-0.28199292803254966,0.0,Normal
9910,14760,2024-04-26 00:10:00+00:00,2024-04-26 00:20:00+00:00,147.161.131.1,AT,HTTPS,200,443,10.138.69.97,Suspicious Web Traffic,Adversary Infrastructure Interaction,AWS_VPC_Flow,prod_webserver,2024-04-26 00:10:00+00:00,waf_rule,600.0,-0.2871788929057942,-0.2742672333553841,0.0,Normal
26250,13404,2024-04-26 00:20:00+00:00,2024-04-26 00:30:00+00:00,147.161.161.82,AE,HTTPS,200,443,10.138.69.97,Suspicious Web Traffic,Adversary Infrastructure Interaction,AWS_VPC_Flow,prod_webserver,2024-04-26 00:20:00+00:00,waf_rule,600.0,-0.28323388974924296,-0.27959584067086557,0.0,Normal
21448,32494,2024-04-26 00:20:00+00:00,2024-04-26 00:30:00+00:00,136.226.67.101,US,HTTPS,200,443,10.138.69.97,Suspicious Web Traffic,Adversary Infrastructure Interaction,AWS_VPC_Flow,prod_webserver,2024-04-26 00:20:00+00:00,waf_rule,600.0,-0.2843932474700361,-0.20457879520439048,0.0,Normal
28524,13364,2024-04-26 00:20:00+00:00,2024-04-26 00:30:00+00:00,165.225.212.255,CA,HTTPS,200,443,10.138.69.97,Suspicious Web Traffic,Adversary Infrastructure Interaction,AWS_VPC_Flow,prod_webserver,2024-04-26 00:20:00+00:00,waf_rule,600.0,-0.28268487278608523,-0.2797530267273694,0.0,Normal
9600,22230,2024-04-26 00:20:00+00:00,2024-04-26 00:30:00+00:00,165.225.240.79,NL,HTTPS,200,443,10.138.69.97,Suspicious Web Traffic,Adversary Infrastructure Interaction,AWS_VPC_Flow,prod_webserver,2024-04-26 00:20:00+00:00,waf_rule,600.0,-0.2872537369069283,-0.2449127373032852,0.0,Normal
7786,14138,2024-04-26 00:20:00+00:00,2024-04-26 00:30:00+00:00,94.188.248.74,IL,HTTPS,200,443,10.138.69.97,Suspicious Web Traffic,Adversary Infrastructure Interaction,AWS_VPC_Flow,prod_webserver,2024-04-26 00:20:00+00:00,waf_rule,600.0,-0.2876916950296935,-0.2767114765340194,0.0,Normal
33662,9572,2024-04-26 00:20:00+00:00,2024-04-26 00:30:00+00:00,136.226.77.103,CA,HTTPS,200,443,10.138.69.97,Suspicious Web Traffic,Adversary Infrastructure Interaction,AWS_VPC_Flow,prod_webserver,2024-04-26 00:20:00+00:00,waf_rule,600.0,-0.2814443938253533,-0.2946542648839369,0.0,Normal
6480,11794,2024-04-26 00:20:00+00:00,2024-04-26 00:30:00+00:00,165.225.26.101,DE,HTTPS,200,443,10.138.69.97,Suspicious Web Traffic,Adversary Infrastructure Interaction,AWS_VPC_Flow,prod_webserver,2024-04-26 00:20:00+00:00,waf_rule,600.0,-0.28800700556350356,-0.2859225794451466,0.0,Normal
16698,19255,2024-04-26 00:20:00+00:00,2024-04-26 00:30:00+00:00,165.225.209.4,CA,HTTPS,200,443,10.138.69.97,Suspicious Web Traffic,Adversary Infrastructure Interaction,AWS_VPC_Flow,prod_webserver,2024-04-26 00:20:00+00:00,waf_rule,600.0,-0.28554005071321953,-0.25660345025576103,0.0,Normal
4018,3144,2024-04-26 00:30:00+00:00,2024-04-26 00:40:00+00:00,147.161.161.82,AE,HTTPS,200,443,10.138.69.97,Suspicious Web Traffic,Adversary Infrastructure Interaction,AWS_VPC_Flow,prod_webserver,2024-04-26 00:30:00+00:00,waf_rule,600.0,-0.28860141179186516,-0.3199140641641099,0.0,Normal
38560,34470,2024-04-26 00:30:00+00:00,2024-04-26 00:40:00+00:00,136.226.67.101,US,HTTPS,200,443,10.138.69.97,Suspicious Web Traffic,Adversary Infrastructure Interaction,AWS_VPC_Flow,prod_webserver,2024-04-26 00:30:00+00:00,waf_rule,600.0,-0.2802618586074348,-0.19681380401309898,0.0,Normal
57088,12210,2024-04-26 00:30:00+00:00,2024-04-26 00:40:00+00:00,165.225.212.255,CA,HTTPS,200,443,10.138.69.97,Suspicious Web Traffic,Adversary Infrastructure Interaction,AWS_VPC_Flow,prod_webserver,2024-04-26 00:30:00+00:00,waf_rule,600.0,-0.275788601662234,-0.28428784445750627,0.0,Normal
1215594,64362,2024-04-26 00:30:00+00:00,2024-04-26 00:40:00+00:00,165.225.240.79,NL,HTTPS,200,443,10.138.69.97,Suspicious Web Traffic,Adversary Infrastructure Interaction,AWS_VPC_Flow,prod_webserver,2024-04-26 00:30:00+00:00,waf_rule,600.0,0.003912122137247221,-0.07934866398775205,0.0,Suspicious
3514,2648,2024-04-26 00:30:00+00:00,2024-04-26 00:40:00+00:00,94.188.248.74,IL,HTTPS,200,443,10.138.69.97,Suspicious Web Traffic,Adversary Infrastructure Interaction,AWS_VPC_Flow,prod_webserver,2024-04-26 00:30:00+00:00,waf_rule,600.0,-0.28872309365177345,-0.32186317126475794,0.0,Normal
13338,17636,2024-04-26 00:30:00+00:00,2024-04-26 00:40:00+00:00,165.225.26.101,DE,HTTPS,200,443,10.138.69.97,Suspicious Web Traffic,Adversary Infrastructure Interaction,AWS_VPC_Flow,prod_webserver,2024-04-26 00:30:00+00:00,waf_rule,600.0,-0.2863512631126083,-0.2629655558927554,0.0,Normal
4803684,294875,2024-04-26 00:30:00+00:00,2024-04-26 00:40:00+00:00,155.91.45.242,US,HTTPS,200,443,10.138.69.97,Suspicious Web Traffic,Adversary Infrastructure Interaction,AWS_VPC_Flow,prod_webserver,2024-04-26 00:30:00+00:00,waf_rule,600.0,0.8701928061023545,0.8264870720842002,0.0,Normal
13132,18249,2024-04-26 00:30:00+00:00,2024-04-26 00:40:00+00:00,165.225.209.4,CA,HTTPS,200,443,10.138.69.97,Suspicious Web Traffic,Adversary Infrastructure Interaction,AWS_VPC_Flow,prod_webserver,2024-04-26 00:30:00+00:00,waf_rule,600.0,-0.2864009981585232,-0.2605566795768335,0.0,Normal
5238,11674,2024-04-26 00:30:00+00:00,2024-04-26 00:40:00+00:00,147.161.131.1,AT,HTTPS,200,443,10.138.69.97,Suspicious Web Traffic,Adversary Infrastructure Interaction,AWS_VPC_Flow,prod_webserver,2024-04-26 00:30:00+00:00,waf_rule,600.0,-0.2883068644325633,-0.2863941376146582,0.0,Normal
9052,5162,2024-04-26 00:40:00+00:00,2024-04-26 00:50:00+00:00,165.225.33.6,US,HTTPS,200,443,10.138.69.97,Suspicious Web Traffic,Adversary Infrastructure Interaction,AWS_VPC_Flow,prod_webserver,2024-04-26 00:40:00+00:00,waf_rule,600.0,-0.2873860417863524,-0.3119840276134893,0.0,Normal
31076,39744,2024-04-26 00:40:00+00:00,2024-04-26 00:50:00+00:00,136.226.67.101,US,HTTPS,200,443,10.138.69.97,Suspicious Web Traffic,Adversary Infrastructure Interaction,AWS_VPC_Flow,prod_webserver,2024-04-26 00:40:00+00:00,waf_rule,600.0,-0.28206873765416857,-0.17608882246306284,0.0,Normal
28518,13366,2024-04-26 00:40:00+00:00,2024-04-26 00:50:00+00:00,165.225.212.255,CA,HTTPS,200,443,10.138.69.97,Suspicious Web Traffic,Adversary Infrastructure Interaction,AWS_VPC_Flow,prod_webserver,2024-04-26 00:40:00+00:00,waf_rule,600.0,-0.28268632137965555,-0.27974516742454425,0.0,Normal
43660,12924,2024-04-26 00:40:00+00:00,2024-04-26 00:50:00+00:00,136.226.64.114,US,HTTPS,200,443,10.138.69.97,Suspicious Web Traffic,Adversary Infrastructure Interaction,AWS_VPC_Flow,prod_webserver,2024-04-26 00:40:00+00:00,waf_rule,600.0,-0.2790305540726483,-0.28148207334891207,0.0,Normal
26820,45260,2024-04-26 00:40:00+00:00,2024-04-26 00:50:00+00:00,165.225.240.79,NL,HTTPS,200,443,10.138.69.97,Suspicious Web Traffic,Adversary Infrastructure Interaction,AWS_VPC_Flow,prod_webserver,2024-04-26 00:40:00+00:00,waf_rule,600.0,-0.28309627336006093,-0.15441286527117828,0.0,Normal
3206,11038,2024-04-26 00:40:00+00:00,2024-04-26 00:50:00+00:00,165.225.8.79,US,HTTPS,200,443,10.138.69.97,Suspicious Web Traffic,Adversary Infrastructure Interaction,AWS_VPC_Flow,prod_webserver,2024-04-26 00:40:00+00:00,waf_rule,600.0,-0.2887974547883841,-0.28889339591306984,0.0,Normal
35894,10094,2024-04-26 00:40:00+00:00,2024-04-26 00:50:00+00:00,136.226.77.103,CA,HTTPS,200,443,10.138.69.97,Suspicious Web Traffic,Adversary Infrastructure Interaction,AWS_VPC_Flow,prod_webserver,2024-04-26 00:40:00+00:00,waf_rule,600.0,-0.2809055170171879,-0.29260298684656133,0.0,Normal
9132,5756,2024-04-26 00:40:00+00:00,2024-04-26 00:50:00+00:00,165.225.26.101,DE,HTTPS,200,443,10.138.69.97,Suspicious Web Traffic,Adversary Infrastructure Interaction,AWS_VPC_Flow,prod_webserver,2024-04-26 00:40:00+00:00,waf_rule,600.0,-0.28736672720541456,-0.3096498146744067,0.0,Normal
4801644,292969,2024-04-26 00:40:00+00:00,2024-04-26 00:50:00+00:00,155.91.45.242,US,HTTPS,200,443,10.138.69.97,Suspicious Web Traffic,Adversary Infrastructure Interaction,AWS_VPC_Flow,prod_webserver,2024-04-26 00:40:00+00:00,waf_rule,600.0,0.8697002842884399,0.8189971564917906,0.0,Normal
22790,40397,2024-04-26 00:40:00+00:00,2024-04-26 00:50:00+00:00,165.225.209.4,CA,HTTPS,200,443,10.138.69.97,Suspicious Web Traffic,Adversary Infrastructure Interaction,AWS_VPC_Flow,prod_webserver,2024-04-26 00:40:00+00:00,waf_rule,600.0,-0.284069245374804,-0.17352276009063708,0.0,Normal
29040,16476,2024-04-26 00:50:00+00:00,2024-04-26 01:00:00+00:00,165.225.33.6,US,HTTPS,200,443,10.138.69.97,Suspicious Web Traffic,Adversary Infrastructure Interaction,AWS_VPC_Flow,prod_webserver,2024-04-26 00:50:00+00:00,waf_rule,600.0,-0.28256029373903624,-0.2675239515313678,0.0,Normal
27938,4626,2024-04-26 00:50:00+00:00,2024-04-26 01:00:00+00:00,165.225.212.255,CA,HTTPS,200,443,10.138.69.97,Suspicious Web Traffic,Adversary Infrastructure Interaction,AWS_VPC_Flow,prod_webserver,2024-04-26 00:50:00+00:00,waf_rule,600.0,-0.28282635209145485,-0.31409032077064125,0.0,Normal
34660,10044,2024-04-26 00:50:00+00:00,2024-04-26 01:00:00+00:00,136.226.77.103,CA,HTTPS,200,443,10.138.69.97,Suspicious Web Traffic,Adversary Infrastructure Interaction,AWS_VPC_Flow,prod_webserver,2024-04-26 00:50:00+00:00,waf_rule,600.0,-0.28120344442815387,-0.2927994694171912,0.0,Normal
5238,11776,2024-04-26 00:50:00+00:00,2024-04-26 01:00:00+00:00,165.225.26.101,DE,HTTPS,200,443,10.138.69.97,Suspicious Web Traffic,Adversary Infrastructure Interaction,AWS_VPC_Flow,prod_webserver,2024-04-26 00:50:00+00:00,waf_rule,600.0,-0.2883068644325633,-0.2859933131705733,0.0,Normal
4809606,290761,2024-04-26 00:50:00+00:00,2024-04-26 01:00:00+00:00,155.91.45.242,US,HTTPS,200,443,10.138.69.97,Suspicious Web Traffic,Adversary Infrastructure Interaction,AWS_VPC_Flow,prod_webserver,2024-04-26 00:50:00+00:00,waf_rule,600.0,0.8716225679562772,0.8103204861727766,0.0,Normal
6742,13419,2024-04-26 00:50:00+00:00,2024-04-26 01:00:00+00:00,165.225.209.4,CA,HTTPS,200,443,10.138.69.97,Suspicious Web Traffic,Adversary Infrastructure Interaction,AWS_VPC_Flow,prod_webserver,2024-04-26 00:50:00+00:00,waf_rule,600.0,-0.28794375031093217,-0.2795368958996766,0.0,Normal
4138,3144,2024-04-26 01:00:00+00:00,2024-04-26 01:10:00+00:00,147.161.161.82,AE,HTTPS,200,443,10.138.69.97,Suspicious Web Traffic,Adversary Infrastructure Interaction,AWS_VPC_Flow,prod_webserver,2024-04-26 01:00:00+00:00,waf_rule,600.0,-0.28857243992045845,-0.3199140641641099,0.0,Normal
10262,16182,2024-04-26 01:00:00+00:00,2024-04-26 01:10:00+00:00,136.226.67.101,US,HTTPS,200,443,10.138.69.97,Suspicious Web Traffic,Adversary Infrastructure Interaction,AWS_VPC_Flow,prod_webserver,2024-04-26 01:00:00+00:00,waf_rule,600.0,-0.2870939087496677,-0.26867926904667133,0.0,Normal
28048,4730,2024-04-26 01:00:00+00:00,2024-04-26 01:10:00+00:00,165.225.212.255,CA,HTTPS,200,443,10.138.69.97,Suspicious Web Traffic,Adversary Infrastructure Interaction,AWS_VPC_Flow,prod_webserver,2024-04-26 01:00:00+00:00,waf_rule,600.0,-0.2827997945426653,-0.3136816370237312,0.0,Normal
4064,11386,2024-04-26 01:00:00+00:00,2024-04-26 01:10:00+00:00,94.188.248.74,IL,HTTPS,200,443,10.138.69.97,Suspicious Web Traffic,Adversary Infrastructure Interaction,AWS_VPC_Flow,prod_webserver,2024-04-26 01:00:00+00:00,waf_rule,600.0,-0.2885903059078259,-0.28752587722148615,0.0,Normal
47774,23406,2024-04-26 01:00:00+00:00,2024-04-26 01:10:00+00:00,136.226.77.103,CA,HTTPS,200,443,10.138.69.97,Suspicious Web Traffic,Adversary Infrastructure Interaction,AWS_VPC_Flow,prod_webserver,2024-04-26 01:00:00+00:00,waf_rule,600.0,-0.2780373017479206,-0.24029146724207123,0.0,Normal
3326,11038,2024-04-26 01:00:00+00:00,2024-04-26 01:10:00+00:00,165.225.8.79,US,HTTPS,200,443,10.138.69.97,Suspicious Web Traffic,Adversary Infrastructure Interaction,AWS_VPC_Flow,prod_webserver,2024-04-26 01:00:00+00:00,waf_rule,600.0,-0.2887684829169774,-0.28889339591306984,0.0,Normal
9336,23450,2024-04-26 01:00:00+00:00,2024-04-26 01:10:00+00:00,165.225.26.101,DE,HTTPS,200,443,10.138.69.97,Suspicious Web Traffic,Adversary Infrastructure Interaction,AWS_VPC_Flow,prod_webserver,2024-04-26 01:00:00+00:00,waf_rule,600.0,-0.2873174750240231,-0.24011856257991696,0.0,Normal
4827283,306181,2024-04-26 01:00:00+00:00,2024-04-26 01:10:00+00:00,155.91.45.242,US,HTTPS,200,443,10.138.69.97,Suspicious Web Traffic,Adversary Infrastructure Interaction,AWS_VPC_Flow,prod_webserver,2024-04-26 01:00:00+00:00,waf_rule,600.0,0.8758903660467519,0.870915710955021,0.0,Suspicious
10830,23370,2024-04-26 01:00:00+00:00,2024-04-26 01:10:00+00:00,165.225.209.4,CA,HTTPS,200,443,10.138.69.97,Suspicious Web Traffic,Adversary Infrastructure Interaction,AWS_VPC_Flow,prod_webserver,2024-04-26 01:00:00+00:00,waf_rule,600.0,-0.2869567752250092,-0.2404329346929247,0.0,Normal
9806,14344,2024-04-26 01:00:00+00:00,2024-04-26 01:10:00+00:00,147.161.131.1,AT,HTTPS,200,443,10.138.69.97,Suspicious Web Traffic,Adversary Infrastructure Interaction,AWS_VPC_Flow,prod_webserver,2024-04-26 01:00:00+00:00,waf_rule,600.0,-0.28720400186101336,-0.27590196834302444,0.0,Normal
16062,27514,2024-04-26 01:10:00+00:00,2024-04-26 01:20:00+00:00,136.226.67.101,US,HTTPS,200,443,10.138.69.97,Suspicious Web Traffic,Adversary Infrastructure Interaction,AWS_VPC_Flow,prod_webserver,2024-04-26 01:10:00+00:00,waf_rule,600.0,-0.2856936016316753,-0.2241484592391231,0.0,Normal
29010,15550,2024-04-26 01:10:00+00:00,2024-04-26 01:20:00+00:00,165.225.213.7,CA,HTTPS,200,443,10.138.69.97,Suspicious Web Traffic,Adversary Infrastructure Interaction,AWS_VPC_Flow,prod_webserver,2024-04-26 01:10:00+00:00,waf_rule,600.0,-0.28256753670688795,-0.2711628087394326,0.0,Normal
3722,2694,2024-04-26 01:10:00+00:00,2024-04-26 01:20:00+00:00,94.188.248.74,IL,HTTPS,200,443,10.138.69.97,Suspicious Web Traffic,Adversary Infrastructure Interaction,AWS_VPC_Flow,prod_webserver,2024-04-26 01:10:00+00:00,waf_rule,600.0,-0.28867287574133516,-0.3216824072997785,0.0,Normal
7182,12958,2024-04-26 01:10:00+00:00,2024-04-26 01:20:00+00:00,136.226.77.103,CA,HTTPS,200,443,10.138.69.97,Suspicious Web Traffic,Adversary Infrastructure Interaction,AWS_VPC_Flow,prod_webserver,2024-04-26 01:10:00+00:00,waf_rule,600.0,-0.2878375201157741,-0.2813484652008838,0.0,Normal
3102,11142,2024-04-26 01:10:00+00:00,2024-04-26 01:20:00+00:00,165.225.8.79,US,HTTPS,200,443,10.138.69.97,Suspicious Web Traffic,Adversary Infrastructure Interaction,AWS_VPC_Flow,prod_webserver,2024-04-26 01:10:00+00:00,waf_rule,600.0,-0.28882256374360327,-0.2884847121661598,0.0,Normal
10012,14968,2024-04-26 01:10:00+00:00,2024-04-26 01:20:00+00:00,165.225.26.101,DE,HTTPS,200,443,10.138.69.97,Suspicious Web Traffic,Adversary Infrastructure Interaction,AWS_VPC_Flow,prod_webserver,2024-04-26 01:10:00+00:00,waf_rule,600.0,-0.2871542668150985,-0.273449865861564,0.0,Normal
4776536,289969,2024-04-26 01:10:00+00:00,2024-04-26 01:20:00+00:00,155.91.45.242,US,HTTPS,200,443,10.138.69.97,Suspicious Web Traffic,Adversary Infrastructure Interaction,AWS_VPC_Flow,prod_webserver,2024-04-26 01:10:00+00:00,waf_rule,600.0,0.8636384030611028,0.8072082022539998,0.0,Normal
528,858,2024-04-26 01:10:00+00:00,2024-04-26 01:20:00+00:00,165.225.209.4,CA,HTTPS,200,443,10.138.69.97,Suspicious Web Traffic,Adversary Infrastructure Interaction,AWS_VPC_Flow,prod_webserver,2024-04-26 01:10:00+00:00,waf_rule,600.0,-0.2894440103852779,-0.32889724729330644,0.0,Normal
6376,11690,2024-04-26 01:10:00+00:00,2024-04-26 01:20:00+00:00,147.161.131.1,AT,HTTPS,200,443,10.138.69.97,Suspicious Web Traffic,Adversary Infrastructure Interaction,AWS_VPC_Flow,prod_webserver,2024-04-26 01:10:00+00:00,waf_rule,600.0,-0.28803211451872274,-0.28633126319205665,0.0,Normal
9620,16178,2024-04-26 01:20:00+00:00,2024-04-26 01:30:00+00:00,147.161.161.82,AE,HTTPS,200,443,10.138.69.97,Suspicious Web Traffic,Adversary Infrastructure Interaction,AWS_VPC_Flow,prod_webserver,2024-04-26 01:20:00+00:00,waf_rule,600.0,-0.2872489082616938,-0.2686949876523217,0.0,Normal
24442,25574,2024-04-26 01:20:00+00:00,2024-04-26 01:30:00+00:00,136.226.67.101,US,HTTPS,200,443,10.138.69.97,Suspicious Web Traffic,Adversary Infrastructure Interaction,AWS_VPC_Flow,prod_webserver,2024-04-26 01:20:00+00:00,waf_rule,600.0,-0.28367039927843785,-0.23177198297956111,0.0,Normal
29586,15754,2024-04-26 01:20:00+00:00,2024-04-26 01:30:00+00:00,165.225.212.255,CA,HTTPS,200,443,10.138.69.97,Suspicious Web Traffic,Adversary Infrastructure Interaction,AWS_VPC_Flow,prod_webserver,2024-04-26 01:20:00+00:00,waf_rule,600.0,-0.2824284717241356,-0.2703611598512628,0.0,Normal
30178,14280,2024-04-26 01:20:00+00:00,2024-04-26 01:30:00+00:00,136.226.64.114,US,HTTPS,200,443,10.138.69.97,Suspicious Web Traffic,Adversary Infrastructure Interaction,AWS_VPC_Flow,prod_webserver,2024-04-26 01:20:00+00:00,waf_rule,600.0,-0.28228554382519566,-0.27615346603343066,0.0,Normal
1889834,34306,2024-04-26 01:20:00+00:00,2024-04-26 01:30:00+00:00,165.225.240.79,NL,HTTPS,200,443,10.138.69.97,Suspicious Web Traffic,Adversary Infrastructure Interaction,AWS_VPC_Flow,prod_webserver,2024-04-26 01:20:00+00:00,waf_rule,600.0,0.1666954102812553,-0.19745826684476486,0.0,Normal
5154,2878,2024-04-26 01:20:00+00:00,2024-04-26 01:30:00+00:00,136.226.77.103,CA,HTTPS,200,443,10.138.69.97,Suspicious Web Traffic,Adversary Infrastructure Interaction,AWS_VPC_Flow,prod_webserver,2024-04-26 01:20:00+00:00,waf_rule,600.0,-0.288327144742548,-0.32095935143986065,0.0,Normal
12764,26284,2024-04-26 01:20:00+00:00,2024-04-26 01:30:00+00:00,165.225.26.101,DE,HTTPS,200,443,10.138.69.97,Suspicious Web Traffic,Adversary Infrastructure Interaction,AWS_VPC_Flow,prod_webserver,2024-04-26 01:20:00+00:00,waf_rule,600.0,-0.2864898452308372,-0.2289819304766173,0.0,Normal
4788904,294113,2024-04-26 01:20:00+00:00,2024-04-26 01:30:00+00:00,155.91.45.242,US,HTTPS,200,443,10.138.69.97,Suspicious Web Traffic,Adversary Infrastructure Interaction,AWS_VPC_Flow,prod_webserver,2024-04-26 01:20:00+00:00,waf_rule,600.0,0.866624437274091,0.8234926777078014,0.0,Normal
22366,31577,2024-04-26 01:20:00+00:00,2024-04-26 01:30:00+00:00,165.225.209.4,CA,HTTPS,200,443,10.138.69.97,Suspicious Web Traffic,Adversary Infrastructure Interaction,AWS_VPC_Flow,prod_webserver,2024-04-26 01:20:00+00:00,waf_rule,600.0,-0.2841716126537745,-0.20818228554974186,0.0,Normal
6376,11690,2024-04-26 01:20:00+00:00,2024-04-26 01:30:00+00:00,147.161.131.1,AT,HTTPS,200,443,10.138.69.97,Suspicious Web Traffic,Adversary Infrastructure Interaction,AWS_VPC_Flow,prod_webserver,2024-04-26 01:20:00+00:00,waf_rule,600.0,-0.28803211451872274,-0.28633126319205665,0.0,Normal
3618,2878,2024-04-26 01:30:00+00:00,2024-04-26 01:40:00+00:00,147.161.161.82,AE,HTTPS,200,443,10.138.69.97,Suspicious Web Traffic,Adversary Infrastructure Interaction,AWS_VPC_Flow,prod_webserver,2024-04-26 01:30:00+00:00,waf_rule,600.0,-0.28869798469655433,-0.32095935143986065,0.0,Normal
23680,33014,2024-04-26 01:30:00+00:00,2024-04-26 01:40:00+00:00,136.226.67.101,US,HTTPS,200,443,10.138.69.97,Suspicious Web Traffic,Adversary Infrastructure Interaction,AWS_VPC_Flow,prod_webserver,2024-04-26 01:30:00+00:00,waf_rule,600.0,-0.2838543706618707,-0.20253537646984007,0.0,Normal
28388,13468,2024-04-26 01:30:00+00:00,2024-04-26 01:40:00+00:00,165.225.212.255,CA,HTTPS,200,443,10.138.69.97,Suspicious Web Traffic,Adversary Infrastructure Interaction,AWS_VPC_Flow,prod_webserver,2024-04-26 01:30:00+00:00,waf_rule,600.0,-0.28271770757367953,-0.27934434298045935,0.0,Normal
43840,13960,2024-04-26 01:30:00+00:00,2024-04-26 01:40:00+00:00,136.226.64.114,US,HTTPS,200,443,10.138.69.97,Suspicious Web Traffic,Adversary Infrastructure Interaction,AWS_VPC_Flow,prod_webserver,2024-04-26 01:30:00+00:00,waf_rule,600.0,-0.2789870962655382,-0.27741095448546166,0.0,Normal
1253276,46666,2024-04-26 01:30:00+00:00,2024-04-26 01:40:00+00:00,165.225.240.79,NL,HTTPS,200,443,10.138.69.97,Suspicious Web Traffic,Adversary Infrastructure Interaction,AWS_VPC_Flow,prod_webserver,2024-04-26 01:30:00+00:00,waf_rule,600.0,0.013009772623487303,-0.14888777538506703,0.0,Normal
4080,11386,2024-04-26 01:30:00+00:00,2024-04-26 01:40:00+00:00,94.188.248.74,IL,HTTPS,200,443,10.138.69.97,Suspicious Web Traffic,Adversary Infrastructure Interaction,AWS_VPC_Flow,prod_webserver,2024-04-26 01:30:00+00:00,waf_rule,600.0,-0.2885864429916383,-0.28752587722148615,0.0,Normal
3206,11038,2024-04-26 01:30:00+00:00,2024-04-26 01:40:00+00:00,165.225.8.79,US,HTTPS,200,443,10.138.69.97,Suspicious Web Traffic,Adversary Infrastructure Interaction,AWS_VPC_Flow,prod_webserver,2024-04-26 01:30:00+00:00,waf_rule,600.0,-0.2887974547883841,-0.28889339591306984,0.0,Normal
14222,9362,2024-04-26 01:30:00+00:00,2024-04-26 01:40:00+00:00,165.225.26.101,DE,HTTPS,200,443,10.138.69.97,Suspicious Web Traffic,Adversary Infrastructure Interaction,AWS_VPC_Flow,prod_webserver,2024-04-26 01:30:00+00:00,waf_rule,600.0,-0.2861378369932453,-0.2954794916805823,0.0,Normal
4808787,301495,2024-04-26 01:30:00+00:00,2024-04-26 01:40:00+00:00,155.91.45.242,US,HTTPS,200,443,10.138.69.97,Suspicious Web Traffic,Adversary Infrastructure Interaction,AWS_VPC_Flow,prod_webserver,2024-04-26 01:30:00+00:00,waf_rule,600.0,0.8714248349339262,0.8525013644355919,0.0,Normal
7294,13707,2024-04-26 01:30:00+00:00,2024-04-26 01:40:00+00:00,165.225.209.4,CA,HTTPS,200,443,10.138.69.97,Suspicious Web Traffic,Adversary Infrastructure Interaction,AWS_VPC_Flow,prod_webserver,2024-04-26 01:30:00+00:00,waf_rule,600.0,-0.28781047970246115,-0.2784051562928487,0.0,Normal
5824,12018,2024-04-26 01:40:00+00:00,2024-04-26 01:50:00+00:00,165.225.33.6,US,HTTPS,200,443,10.138.69.97,Suspicious Web Traffic,Adversary Infrastructure Interaction,AWS_VPC_Flow,prod_webserver,2024-04-26 01:40:00+00:00,waf_rule,600.0,-0.2881653851271937,-0.2850423375287249,0.0,Normal
5492,12046,2024-04-26 01:40:00+00:00,2024-04-26 01:50:00+00:00,136.226.67.101,US,HTTPS,200,443,10.138.69.97,Suspicious Web Traffic,Adversary Infrastructure Interaction,AWS_VPC_Flow,prod_webserver,2024-04-26 01:40:00+00:00,waf_rule,600.0,-0.2882455406380857,-0.2849323072891722,0.0,Normal
28644,7330,2024-04-26 01:40:00+00:00,2024-04-26 01:50:00+00:00,165.225.213.7,CA,HTTPS,200,443,10.138.69.97,Suspicious Web Traffic,Adversary Infrastructure Interaction,AWS_VPC_Flow,prod_webserver,2024-04-26 01:40:00+00:00,waf_rule,600.0,-0.2826559009146785,-0.3034645433509792,0.0,Normal
3206,11142,2024-04-26 01:40:00+00:00,2024-04-26 01:50:00+00:00,165.225.8.79,US,HTTPS,200,443,10.138.69.97,Suspicious Web Traffic,Adversary Infrastructure Interaction,AWS_VPC_Flow,prod_webserver,2024-04-26 01:40:00+00:00,waf_rule,600.0,-0.2887974547883841,-0.2884847121661598,0.0,Normal
38780,18682,2024-04-26 01:40:00+00:00,2024-04-26 01:50:00+00:00,136.226.77.103,CA,HTTPS,200,443,10.138.69.97,Suspicious Web Traffic,Adversary Infrastructure Interaction,AWS_VPC_Flow,prod_webserver,2024-04-26 01:40:00+00:00,waf_rule,600.0,-0.2802087435098558,-0.25885514051517905,0.0,Normal
4869181,301752,2024-04-26 01:40:00+00:00,2024-04-26 01:50:00+00:00,155.91.45.242,US,HTTPS,200,443,10.138.69.97,Suspicious Web Traffic,Adversary Infrastructure Interaction,AWS_VPC_Flow,prod_webserver,2024-04-26 01:40:00+00:00,waf_rule,600.0,0.8860058949484154,0.8535112848486293,0.0,Suspicious
6046,4544,2024-04-26 01:40:00+00:00,2024-04-26 01:50:00+00:00,165.225.209.4,CA,HTTPS,200,443,10.138.69.97,Suspicious Web Traffic,Adversary Infrastructure Interaction,AWS_VPC_Flow,prod_webserver,2024-04-26 01:40:00+00:00,waf_rule,600.0,-0.2881117871650912,-0.3144125521864742,0.0,Normal
6584,11898,2024-04-26 01:40:00+00:00,2024-04-26 01:50:00+00:00,147.161.131.1,AT,HTTPS,200,443,10.138.69.97,Suspicious Web Traffic,Adversary Infrastructure Interaction,AWS_VPC_Flow,prod_webserver,2024-04-26 01:40:00+00:00,waf_rule,600.0,-0.2879818966082844,-0.2855138956982365,0.0,Normal
7666,14346,2024-04-26 01:40:00+00:00,2024-04-26 01:50:00+00:00,136.226.80.97,US,HTTPS,200,443,10.138.69.97,Suspicious Web Traffic,Adversary Infrastructure Interaction,AWS_VPC_Flow,prod_webserver,2024-04-26 01:40:00+00:00,waf_rule,600.0,-0.28772066690110026,-0.2758941090401993,0.0,Normal
5140,4294,2024-04-26 01:50:00+00:00,2024-04-26 02:00:00+00:00,147.161.161.82,AE,HTTPS,200,443,10.138.69.97,Suspicious Web Traffic,Adversary Infrastructure Interaction,AWS_VPC_Flow,prod_webserver,2024-04-26 01:50:00+00:00,waf_rule,600.0,-0.2883305247942121,-0.31539496503962344,0.0,Normal
37105,49494,2024-04-26 01:50:00+00:00,2024-04-26 02:00:00+00:00,136.226.67.101,US,HTTPS,200,443,10.138.69.97,Suspicious Web Traffic,Adversary Infrastructure Interaction,AWS_VPC_Flow,prod_webserver,2024-04-26 01:50:00+00:00,waf_rule,600.0,-0.28061314254824155,-0.13777472119024295,0.0,Normal
28896,7328,2024-04-26 01:50:00+00:00,2024-04-26 02:00:00+00:00,165.225.213.7,CA,HTTPS,200,443,10.138.69.97,Suspicious Web Traffic,Adversary Infrastructure Interaction,AWS_VPC_Flow,prod_webserver,2024-04-26 01:50:00+00:00,waf_rule,600.0,-0.28259505998472434,-0.3034724026538044,0.0,Normal
8872,14760,2024-04-26 01:50:00+00:00,2024-04-26 02:00:00+00:00,165.225.26.101,DE,HTTPS,200,443,10.138.69.97,Suspicious Web Traffic,Adversary Infrastructure Interaction,AWS_VPC_Flow,prod_webserver,2024-04-26 01:50:00+00:00,waf_rule,600.0,-0.2874294995934625,-0.2742672333553841,0.0,Normal
4755578,292284,2024-04-26 01:50:00+00:00,2024-04-26 02:00:00+00:00,155.91.45.242,US,HTTPS,200,443,10.138.69.97,Suspicious Web Traffic,Adversary Infrastructure Interaction,AWS_VPC_Flow,prod_webserver,2024-04-26 01:50:00+00:00,waf_rule,600.0,0.8585784657199156,0.8163053452741617,0.0,Normal
11358,24124,2024-04-26 01:50:00+00:00,2024-04-26 02:00:00+00:00,165.225.209.4,CA,HTTPS,200,443,10.138.69.97,Suspicious Web Traffic,Adversary Infrastructure Interaction,AWS_VPC_Flow,prod_webserver,2024-04-26 01:50:00+00:00,waf_rule,600.0,-0.2868292989908195,-0.23746997752782664,0.0,Normal
4264,11882,2024-04-26 01:50:00+00:00,2024-04-26 02:00:00+00:00,147.161.131.1,AT,HTTPS,200,443,10.138.69.97,Suspicious Web Traffic,Adversary Infrastructure Interaction,AWS_VPC_Flow,prod_webserver,2024-04-26 01:50:00+00:00,waf_rule,600.0,-0.28854201945548136,-0.28557677012083804,0.0,Normal
3966,3248,2024-04-26 01:50:00+00:00,2024-04-26 02:00:00+00:00,136.226.80.97,US,HTTPS,200,443,10.138.69.97,Suspicious Web Traffic,Adversary Infrastructure Interaction,AWS_VPC_Flow,prod_webserver,2024-04-26 01:50:00+00:00,waf_rule,600.0,-0.2886139662694748,-0.3195053804171998,0.0,Normal
35666,39032,2024-04-26 08:00:00+00:00,2024-04-26 08:10:00+00:00,136.226.67.101,US,HTTPS,200,443,10.138.69.97,Suspicious Web Traffic,Adversary Infrastructure Interaction,AWS_VPC_Flow,prod_webserver,2024-04-26 08:00:00+00:00,waf_rule,600.0,-0.2809605635728607,-0.17888673426883187,0.0,Normal
28540,7228,2024-04-26 08:00:00+00:00,2024-04-26 08:10:00+00:00,165.225.213.7,CA,HTTPS,200,443,10.138.69.97,Suspicious Web Traffic,Adversary Infrastructure Interaction,AWS_VPC_Flow,prod_webserver,2024-04-26 08:00:00+00:00,waf_rule,600.0,-0.2826810098698977,-0.30386536779506407,0.0,Normal
44408,22446,2024-04-26 08:00:00+00:00,2024-04-26 08:10:00+00:00,136.226.64.114,US,HTTPS,200,443,10.138.69.97,Suspicious Web Traffic,Adversary Infrastructure Interaction,AWS_VPC_Flow,prod_webserver,2024-04-26 08:00:00+00:00,waf_rule,600.0,-0.27884996274087964,-0.24406393259816425,0.0,Normal
8202,6068,2024-04-26 08:00:00+00:00,2024-04-26 08:10:00+00:00,165.225.26.101,DE,HTTPS,200,443,10.138.69.97,Suspicious Web Traffic,Adversary Infrastructure Interaction,AWS_VPC_Flow,prod_webserver,2024-04-26 08:00:00+00:00,waf_rule,600.0,-0.2875912592088168,-0.3084237634336765,0.0,Normal
18201558,1170896,2024-04-26 08:00:00+00:00,2024-04-26 08:10:00+00:00,155.91.45.242,US,HTTPS,200,443,10.138.69.97,Suspicious Web Traffic,Adversary Infrastructure Interaction,AWS_VPC_Flow,prod_webserver,2024-04-26 08:00:00+00:00,waf_rule,600.0,4.104871828199997,4.26894423219876,0.0,Suspicious
23836,41493,2024-04-26 08:00:00+00:00,2024-04-26 08:10:00+00:00,165.225.209.4,CA,HTTPS,200,443,10.138.69.97,Suspicious Web Traffic,Adversary Infrastructure Interaction,AWS_VPC_Flow,prod_webserver,2024-04-26 08:00:00+00:00,waf_rule,600.0,-0.2838167072290419,-0.16921586214243084,0.0,Normal
3862,2982,2024-04-26 08:00:00+00:00,2024-04-26 08:10:00+00:00,136.226.80.97,US,HTTPS,200,443,10.138.69.97,Suspicious Web Traffic,Adversary Infrastructure Interaction,AWS_VPC_Flow,prod_webserver,2024-04-26 08:00:00+00:00,waf_rule,600.0,-0.28863907522469395,-0.3205506676929506,0.0,Normal
15978,28154,2024-04-26 08:10:00+00:00,2024-04-26 08:20:00+00:00,136.226.67.101,US,HTTPS,200,443,10.138.69.97,Suspicious Web Traffic,Adversary Infrastructure Interaction,AWS_VPC_Flow,prod_webserver,2024-04-26 08:10:00+00:00,waf_rule,600.0,-0.28571388194166,-0.22163348233506108,0.0,Normal
28042,4834,2024-04-26 08:10:00+00:00,2024-04-26 08:20:00+00:00,165.225.212.255,CA,HTTPS,200,443,10.138.69.97,Suspicious Web Traffic,Adversary Infrastructure Interaction,AWS_VPC_Flow,prod_webserver,2024-04-26 08:10:00+00:00,waf_rule,600.0,-0.28280124313623567,-0.3132729532768211,0.0,Normal
3618,2648,2024-04-26 08:10:00+00:00,2024-04-26 08:20:00+00:00,94.188.248.74,IL,HTTPS,200,443,10.138.69.97,Suspicious Web Traffic,Adversary Infrastructure Interaction,AWS_VPC_Flow,prod_webserver,2024-04-26 08:10:00+00:00,waf_rule,600.0,-0.28869798469655433,-0.32186317126475794,0.0,Normal
13546,17742,2024-04-26 08:10:00+00:00,2024-04-26 08:20:00+00:00,165.225.26.101,DE,HTTPS,200,443,10.138.69.97,Suspicious Web Traffic,Adversary Infrastructure Interaction,AWS_VPC_Flow,prod_webserver,2024-04-26 08:10:00+00:00,waf_rule,600.0,-0.2863010452021699,-0.2625490128430201,0.0,Normal
18273120,1145109,2024-04-26 08:10:00+00:00,2024-04-26 08:20:00+00:00,155.91.45.242,US,HTTPS,200,443,10.138.69.97,Suspicious Web Traffic,Adversary Infrastructure Interaction,AWS_VPC_Flow,prod_webserver,2024-04-26 08:10:00+00:00,waf_rule,600.0,4.122149203713406,4.167610311222123,0.0,Normal
15094,10563,2024-04-26 08:10:00+00:00,2024-04-26 08:20:00+00:00,165.225.209.4,CA,HTTPS,200,443,10.138.69.97,Suspicious Web Traffic,Adversary Infrastructure Interaction,AWS_VPC_Flow,prod_webserver,2024-04-26 08:10:00+00:00,waf_rule,600.0,-0.285927308061023,-0.29075998033405337,0.0,Normal
5238,11674,2024-04-26 08:10:00+00:00,2024-04-26 08:20:00+00:00,147.161.131.1,AT,HTTPS,200,443,10.138.69.97,Suspicious Web Traffic,Adversary Infrastructure Interaction,AWS_VPC_Flow,prod_webserver,2024-04-26 08:10:00+00:00,waf_rule,600.0,-0.2883068644325633,-0.2863941376146582,0.0,Normal
4480,11778,2024-04-26 08:20:00+00:00,2024-04-26 08:30:00+00:00,147.161.161.82,AE,HTTPS,200,443,10.138.69.97,Suspicious Web Traffic,Adversary Infrastructure Interaction,AWS_VPC_Flow,prod_webserver,2024-04-26 08:20:00+00:00,waf_rule,600.0,-0.2884898700869492,-0.28598545386774815,0.0,Normal
30396,28830,2024-04-26 08:20:00+00:00,2024-04-26 08:30:00+00:00,136.226.67.101,US,HTTPS,200,443,10.138.69.97,Suspicious Web Traffic,Adversary Infrastructure Interaction,AWS_VPC_Flow,prod_webserver,2024-04-26 08:20:00+00:00,waf_rule,600.0,-0.2822329115921401,-0.21897703798014556,0.0,Normal
28628,13570,2024-04-26 08:20:00+00:00,2024-04-26 08:30:00+00:00,165.225.212.255,CA,HTTPS,200,443,10.138.69.97,Suspicious Web Traffic,Adversary Infrastructure Interaction,AWS_VPC_Flow,prod_webserver,2024-04-26 08:20:00+00:00,waf_rule,600.0,-0.28265976383086605,-0.27894351853637445,0.0,Normal
1360,436,2024-04-26 08:20:00+00:00,2024-04-26 08:30:00+00:00,198.235.24.81,US,HTTPS,200,443,10.138.69.97,Suspicious Web Traffic,Adversary Infrastructure Interaction,AWS_VPC_Flow,prod_webserver,2024-04-26 08:20:00+00:00,waf_rule,600.0,-0.2892431387435245,-0.33055556018942234,0.0,Normal
3976,11282,2024-04-26 08:20:00+00:00,2024-04-26 08:30:00+00:00,94.188.248.74,IL,HTTPS,200,443,10.138.69.97,Suspicious Web Traffic,Adversary Infrastructure Interaction,AWS_VPC_Flow,prod_webserver,2024-04-26 08:20:00+00:00,waf_rule,600.0,-0.2886115519468575,-0.2879345609683962,0.0,Normal
9440,23452,2024-04-26 08:20:00+00:00,2024-04-26 08:30:00+00:00,165.225.26.101,DE,HTTPS,200,443,10.138.69.97,Suspicious Web Traffic,Adversary Infrastructure Interaction,AWS_VPC_Flow,prod_webserver,2024-04-26 08:20:00+00:00,waf_rule,600.0,-0.28729236606880393,-0.24011070327709177,0.0,Normal
18285525,1130944,2024-04-26 08:20:00+00:00,2024-04-26 08:30:00+00:00,155.91.45.242,US,HTTPS,200,443,10.138.69.97,Suspicious Web Traffic,Adversary Infrastructure Interaction,AWS_VPC_Flow,prod_webserver,2024-04-26 08:20:00+00:00,waf_rule,600.0,4.125144170920079,4.111946798962689,0.0,Suspicious
24200,41078,2024-04-26 08:20:00+00:00,2024-04-26 08:30:00+00:00,165.225.209.4,CA,HTTPS,200,443,10.138.69.97,Suspicious Web Traffic,Adversary Infrastructure Interaction,AWS_VPC_Flow,prod_webserver,2024-04-26 08:20:00+00:00,waf_rule,600.0,-0.2837288258857748,-0.17084666747865856,0.0,Normal
5030,11570,2024-04-26 08:20:00+00:00,2024-04-26 08:30:00+00:00,147.161.131.1,AT,HTTPS,200,443,10.138.69.97,Suspicious Web Traffic,Adversary Infrastructure Interaction,AWS_VPC_Flow,prod_webserver,2024-04-26 08:20:00+00:00,waf_rule,600.0,-0.28835708234300167,-0.2868028213615683,0.0,Normal
7204,5860,2024-04-26 08:20:00+00:00,2024-04-26 08:30:00+00:00,136.226.80.97,US,HTTPS,200,443,10.138.69.97,Suspicious Web Traffic,Adversary Infrastructure Interaction,AWS_VPC_Flow,prod_webserver,2024-04-26 08:20:00+00:00,waf_rule,600.0,-0.2878322086060162,-0.30924113092749667,0.0,Normal
4168,11674,2024-04-26 08:30:00+00:00,2024-04-26 08:40:00+00:00,147.161.161.82,AE,HTTPS,200,443,10.138.69.97,Suspicious Web Traffic,Adversary Infrastructure Interaction,AWS_VPC_Flow,prod_webserver,2024-04-26 08:30:00+00:00,waf_rule,600.0,-0.28856519695260674,-0.2863941376146582,0.0,Normal
37156,48239,2024-04-26 08:30:00+00:00,2024-04-26 08:40:00+00:00,136.226.67.101,US,HTTPS,200,443,10.138.69.97,Suspicious Web Traffic,Adversary Infrastructure Interaction,AWS_VPC_Flow,prod_webserver,2024-04-26 08:30:00+00:00,waf_rule,600.0,-0.28060082950289367,-0.14270643371305208,0.0,Normal
27912,6080,2024-04-26 08:30:00+00:00,2024-04-26 08:40:00+00:00,165.225.213.7,CA,HTTPS,200,443,10.138.69.97,Suspicious Web Traffic,Adversary Infrastructure Interaction,AWS_VPC_Flow,prod_webserver,2024-04-26 08:30:00+00:00,waf_rule,600.0,-0.2828326293302596,-0.30837660761672536,0.0,Normal
44390,22134,2024-04-26 08:30:00+00:00,2024-04-26 08:40:00+00:00,136.226.64.114,US,HTTPS,200,443,10.138.69.97,Suspicious Web Traffic,Adversary Infrastructure Interaction,AWS_VPC_Flow,prod_webserver,2024-04-26 08:30:00+00:00,waf_rule,600.0,-0.27885430852159065,-0.2452899838388945,0.0,Normal
4686,11778,2024-04-26 08:30:00+00:00,2024-04-26 08:40:00+00:00,136.226.77.103,CA,HTTPS,200,443,10.138.69.97,Suspicious Web Traffic,Adversary Infrastructure Interaction,AWS_VPC_Flow,prod_webserver,2024-04-26 08:30:00+00:00,waf_rule,600.0,-0.28844013504103433,-0.28598545386774815,0.0,Normal
18239056,1144663,2024-04-26 08:30:00+00:00,2024-04-26 08:40:00+00:00,155.91.45.242,US,HTTPS,200,443,10.138.69.97,Suspicious Web Traffic,Adversary Infrastructure Interaction,AWS_VPC_Flow,prod_webserver,2024-04-26 08:30:00+00:00,waf_rule,600.0,4.11392505515008,4.165857686692106,0.0,Normal
6806,13238,2024-04-26 08:30:00+00:00,2024-04-26 08:40:00+00:00,165.225.209.4,CA,HTTPS,200,443,10.138.69.97,Suspicious Web Traffic,Adversary Infrastructure Interaction,AWS_VPC_Flow,prod_webserver,2024-04-26 08:30:00+00:00,waf_rule,600.0,-0.2879282986461819,-0.28024816280535664,0.0,Normal
10118,14760,2024-04-26 08:30:00+00:00,2024-04-26 08:40:00+00:00,147.161.131.1,AT,HTTPS,200,443,10.138.69.97,Suspicious Web Traffic,Adversary Infrastructure Interaction,AWS_VPC_Flow,prod_webserver,2024-04-26 08:30:00+00:00,waf_rule,600.0,-0.2871286749953558,-0.2742672333553841,0.0,Normal
15016,11797,2024-04-26 08:40:00+00:00,2024-04-26 08:50:00+00:00,136.226.67.101,US,HTTPS,200,443,10.138.69.97,Suspicious Web Traffic,Adversary Infrastructure Interaction,AWS_VPC_Flow,prod_webserver,2024-04-26 08:40:00+00:00,waf_rule,600.0,-0.2859461397774374,-0.2859107904909088,0.0,Normal
1996566,56644,2024-04-26 08:40:00+00:00,2024-04-26 08:50:00+00:00,165.225.240.79,NL,HTTPS,200,443,10.138.69.97,Suspicious Web Traffic,Adversary Infrastructure Interaction,AWS_VPC_Flow,prod_webserver,2024-04-26 08:40:00+00:00,waf_rule,600.0,0.19246395843945754,-0.10967771359017502,0.0,Normal
10578,23450,2024-04-26 08:40:00+00:00,2024-04-26 08:50:00+00:00,165.225.26.101,DE,HTTPS,200,443,10.138.69.97,Suspicious Web Traffic,Adversary Infrastructure Interaction,AWS_VPC_Flow,prod_webserver,2024-04-26 08:40:00+00:00,waf_rule,600.0,-0.28701761615496335,-0.24011856257991696,0.0,Normal
18125238,1121958,2024-04-26 08:40:00+00:00,2024-04-26 08:50:00+00:00,155.91.45.242,US,HTTPS,200,443,10.138.69.97,Suspicious Web Traffic,Adversary Infrastructure Interaction,AWS_VPC_Flow,prod_webserver,2024-04-26 08:40:00+00:00,waf_rule,600.0,4.08644571798531,4.076634951369093,0.0,Suspicious
18482,29508,2024-04-26 08:40:00+00:00,2024-04-26 08:50:00+00:00,165.225.209.4,CA,HTTPS,200,443,10.138.69.97,Suspicious Web Traffic,Adversary Infrastructure Interaction,AWS_VPC_Flow,prod_webserver,2024-04-26 08:40:00+00:00,waf_rule,600.0,-0.285109335558306,-0.21631273432240486,0.0,Normal
5238,11778,2024-04-26 08:40:00+00:00,2024-04-26 08:50:00+00:00,147.161.131.1,AT,HTTPS,200,443,10.138.69.97,Suspicious Web Traffic,Adversary Infrastructure Interaction,AWS_VPC_Flow,prod_webserver,2024-04-26 08:40:00+00:00,waf_rule,600.0,-0.2883068644325633,-0.28598545386774815,0.0,Normal
4116,11570,2024-04-26 08:40:00+00:00,2024-04-26 08:50:00+00:00,136.226.80.97,US,HTTPS,200,443,10.138.69.97,Suspicious Web Traffic,Adversary Infrastructure Interaction,AWS_VPC_Flow,prod_webserver,2024-04-26 08:40:00+00:00,waf_rule,600.0,-0.28857775143021636,-0.2868028213615683,0.0,Normal
4272,11778,2024-04-26 08:50:00+00:00,2024-04-26 09:00:00+00:00,147.161.161.82,AE,HTTPS,200,443,10.138.69.97,Suspicious Web Traffic,Adversary Infrastructure Interaction,AWS_VPC_Flow,prod_webserver,2024-04-26 08:50:00+00:00,waf_rule,600.0,-0.28854008799738756,-0.28598545386774815,0.0,Normal
31166,25856,2024-04-26 08:50:00+00:00,2024-04-26 09:00:00+00:00,165.225.33.6,US,HTTPS,200,443,10.138.69.97,Suspicious Web Traffic,Adversary Infrastructure Interaction,AWS_VPC_Flow,prod_webserver,2024-04-26 08:50:00+00:00,waf_rule,600.0,-0.2820470087506135,-0.2306638212812088,0.0,Normal
28830,27096,2024-04-26 08:50:00+00:00,2024-04-26 09:00:00+00:00,136.226.67.101,US,HTTPS,200,443,10.138.69.97,Suspicious Web Traffic,Adversary Infrastructure Interaction,AWS_VPC_Flow,prod_webserver,2024-04-26 08:50:00+00:00,waf_rule,600.0,-0.28261099451399807,-0.22579105352958861,0.0,Normal
60122,12630,2024-04-26 08:50:00+00:00,2024-04-26 09:00:00+00:00,136.226.64.114,US,HTTPS,200,443,10.138.69.97,Suspicious Web Traffic,Adversary Infrastructure Interaction,AWS_VPC_Flow,prod_webserver,2024-04-26 08:50:00+00:00,waf_rule,600.0,-0.2750560961801669,-0.2826373908642156,0.0,Normal
3678,11038,2024-04-26 08:50:00+00:00,2024-04-26 09:00:00+00:00,165.225.240.79,NL,HTTPS,200,443,10.138.69.97,Suspicious Web Traffic,Adversary Infrastructure Interaction,AWS_VPC_Flow,prod_webserver,2024-04-26 08:50:00+00:00,waf_rule,600.0,-0.2886834987608509,-0.28889339591306984,0.0,Normal
36522,18578,2024-04-26 08:50:00+00:00,2024-04-26 09:00:00+00:00,136.226.77.103,CA,HTTPS,200,443,10.138.69.97,Suspicious Web Traffic,Adversary Infrastructure Interaction,AWS_VPC_Flow,prod_webserver,2024-04-26 08:50:00+00:00,waf_rule,600.0,-0.28075389755682595,-0.2592638242620891,0.0,Normal
13232,17534,2024-04-26 08:50:00+00:00,2024-04-26 09:00:00+00:00,165.225.26.101,DE,HTTPS,200,443,10.138.69.97,Suspicious Web Traffic,Adversary Infrastructure Interaction,AWS_VPC_Flow,prod_webserver,2024-04-26 08:50:00+00:00,waf_rule,600.0,-0.28637685493235093,-0.2633663803368403,0.0,Normal
18171403,1103358,2024-04-26 08:50:00+00:00,2024-04-26 09:00:00+00:00,155.91.45.242,US,HTTPS,200,443,10.138.69.97,Suspicious Web Traffic,Adversary Infrastructure Interaction,AWS_VPC_Flow,prod_webserver,2024-04-26 08:50:00+00:00,waf_rule,600.0,4.097591438347744,4.003543435094791,0.0,Suspicious
1147,5151,2024-04-26 08:50:00+00:00,2024-04-26 09:00:00+00:00,65.49.1.69,US,HTTPS,200,443,10.138.69.97,Suspicious Web Traffic,Adversary Infrastructure Interaction,AWS_VPC_Flow,prod_webserver,2024-04-26 08:50:00+00:00,waf_rule,600.0,-0.28929456381527147,-0.3120272537790279,0.0,Normal
80,44,2024-04-26 08:50:00+00:00,2024-04-26 09:00:00+00:00,65.49.1.72,US,HTTPS,200,443,10.138.69.97,Suspicious Web Traffic,Adversary Infrastructure Interaction,AWS_VPC_Flow,prod_webserver,2024-04-26 08:50:00+00:00,waf_rule,600.0,-0.28955217203852973,-0.33209598354316033,0.0,Normal
790,444,2024-04-26 08:50:00+00:00,2024-04-26 09:00:00+00:00,65.49.1.94,US,HTTPS,200,443,10.138.69.97,Suspicious Web Traffic,Adversary Infrastructure Interaction,AWS_VPC_Flow,prod_webserver,2024-04-26 08:50:00+00:00,waf_rule,600.0,-0.2893807551327065,-0.33052412297812156,0.0,Normal
5030,11674,2024-04-26 08:50:00+00:00,2024-04-26 09:00:00+00:00,147.161.131.1,AT,HTTPS,200,443,10.138.69.97,Suspicious Web Traffic,Adversary Infrastructure Interaction,AWS_VPC_Flow,prod_webserver,2024-04-26 08:50:00+00:00,waf_rule,600.0,-0.28835708234300167,-0.2863941376146582,0.0,Normal
3638,3086,2024-04-26 08:50:00+00:00,2024-04-26 09:00:00+00:00,136.226.80.97,US,HTTPS,200,443,10.138.69.97,Suspicious Web Traffic,Adversary Infrastructure Interaction,AWS_VPC_Flow,prod_webserver,2024-04-26 08:50:00+00:00,waf_rule,600.0,-0.28869315605131984,-0.3201419839460405,0.0,Normal
4704,11882,2024-04-26 09:10:00+00:00,2024-04-26 09:20:00+00:00,147.161.161.82,AE,HTTPS,200,443,10.138.69.97,Suspicious Web Traffic,Adversary Infrastructure Interaction,AWS_VPC_Flow,prod_webserver,2024-04-26 09:10:00+00:00,waf_rule,600.0,-0.2884357892603233,-0.28557677012083804,0.0,Normal
16960,19458,2024-04-26 09:10:00+00:00,2024-04-26 09:20:00+00:00,136.226.67.101,US,HTTPS,200,443,10.138.69.97,Suspicious Web Traffic,Adversary Infrastructure Interaction,AWS_VPC_Flow,prod_webserver,2024-04-26 09:10:00+00:00,waf_rule,600.0,-0.2854767954606482,-0.25580573101900383,0.0,Normal
29314,15444,2024-04-26 09:10:00+00:00,2024-04-26 09:20:00+00:00,165.225.213.7,CA,HTTPS,200,443,10.138.69.97,Suspicious Web Traffic,Adversary Infrastructure Interaction,AWS_VPC_Flow,prod_webserver,2024-04-26 09:10:00+00:00,waf_rule,600.0,-0.2824941412993242,-0.27157935178916787,0.0,Normal
28244,17860,2024-04-26 09:00:00+00:00,2024-04-26 09:10:00+00:00,165.225.33.6,US,HTTPS,200,443,10.138.69.97,Suspicious Web Traffic,Adversary Infrastructure Interaction,AWS_VPC_Flow,prod_webserver,2024-04-26 09:00:00+00:00,waf_rule,600.0,-0.28275247381936763,-0.2620853139763337,0.0,Normal
2007229,59926,2024-04-26 09:10:00+00:00,2024-04-26 09:20:00+00:00,165.225.240.79,NL,HTTPS,200,443,10.138.69.97,Suspicious Web Traffic,Adversary Infrastructure Interaction,AWS_VPC_Flow,prod_webserver,2024-04-26 09:10:00+00:00,waf_rule,600.0,0.19503835064620817,-0.09678059765403195,0.0,Normal
18890,30568,2024-04-26 09:00:00+00:00,2024-04-26 09:10:00+00:00,136.226.67.101,US,HTTPS,200,443,10.138.69.97,Suspicious Web Traffic,Adversary Infrastructure Interaction,AWS_VPC_Flow,prod_webserver,2024-04-26 09:00:00+00:00,waf_rule,600.0,-0.28501083119552306,-0.21214730382505212,0.0,Normal
27970,13366,2024-04-26 09:00:00+00:00,2024-04-26 09:10:00+00:00,165.225.213.7,CA,HTTPS,200,443,10.138.69.97,Suspicious Web Traffic,Adversary Infrastructure Interaction,AWS_VPC_Flow,prod_webserver,2024-04-26 09:00:00+00:00,waf_rule,600.0,-0.28281862625907966,-0.27974516742454425,0.0,Normal
30596,14488,2024-04-26 09:00:00+00:00,2024-04-26 09:10:00+00:00,136.226.64.114,US,HTTPS,200,443,10.138.69.97,Suspicious Web Traffic,Adversary Infrastructure Interaction,AWS_VPC_Flow,prod_webserver,2024-04-26 09:00:00+00:00,waf_rule,600.0,-0.28218462513979553,-0.2753360985396105,0.0,Normal
6488,4164,2024-04-26 09:10:00+00:00,2024-04-26 09:20:00+00:00,136.226.77.103,CA,HTTPS,200,443,10.138.69.97,Suspicious Web Traffic,Adversary Infrastructure Interaction,AWS_VPC_Flow,prod_webserver,2024-04-26 09:10:00+00:00,waf_rule,600.0,-0.28800507410540976,-0.31590581972326104,0.0,Normal
9908,14656,2024-04-26 09:10:00+00:00,2024-04-26 09:20:00+00:00,165.225.26.101,DE,HTTPS,200,443,10.138.69.97,Suspicious Web Traffic,Adversary Infrastructure Interaction,AWS_VPC_Flow,prod_webserver,2024-04-26 09:10:00+00:00,waf_rule,600.0,-0.28717937577031766,-0.2746759171022942,0.0,Normal
48614,25178,2024-04-26 09:00:00+00:00,2024-04-26 09:10:00+00:00,136.226.77.103,CA,HTTPS,200,443,10.138.69.97,Suspicious Web Traffic,Adversary Infrastructure Interaction,AWS_VPC_Flow,prod_webserver,2024-04-26 09:00:00+00:00,waf_rule,600.0,-0.27783449864807336,-0.2333281249389495,0.0,Normal
7994,5754,2024-04-26 09:00:00+00:00,2024-04-26 09:10:00+00:00,165.225.26.101,DE,HTTPS,200,443,10.138.69.97,Suspicious Web Traffic,Adversary Infrastructure Interaction,AWS_VPC_Flow,prod_webserver,2024-04-26 09:00:00+00:00,waf_rule,600.0,-0.28764147711925514,-0.30965767397723193,0.0,Normal
18119202,1132321,2024-04-26 09:10:00+00:00,2024-04-26 09:20:00+00:00,155.91.45.242,US,HTTPS,200,443,10.138.69.97,Suspicious Web Traffic,Adversary Infrastructure Interaction,AWS_VPC_Flow,prod_webserver,2024-04-26 09:10:00+00:00,waf_rule,600.0,4.08498843285355,4.117357928957835,0.0,Suspicious
3904,19282,2024-04-26 09:00:00+00:00,2024-04-26 09:10:00+00:00,65.49.1.104,US,HTTPS,200,443,10.138.69.97,Suspicious Web Traffic,Adversary Infrastructure Interaction,AWS_VPC_Flow,prod_webserver,2024-04-26 09:00:00+00:00,waf_rule,600.0,-0.28862893506970155,-0.2564973496676209,0.0,Normal
5736,12114,2024-04-26 09:10:00+00:00,2024-04-26 09:20:00+00:00,165.225.209.4,CA,HTTPS,200,443,10.138.69.97,Suspicious Web Traffic,Adversary Infrastructure Interaction,AWS_VPC_Flow,prod_webserver,2024-04-26 09:10:00+00:00,waf_rule,600.0,-0.28818663116622534,-0.28466509099311554,0.0,Normal
18187778,1142605,2024-04-26 09:00:00+00:00,2024-04-26 09:10:00+00:00,155.91.45.242,US,HTTPS,200,443,10.138.69.97,Suspicious Web Traffic,Adversary Infrastructure Interaction,AWS_VPC_Flow,prod_webserver,2024-04-26 09:00:00+00:00,waf_rule,600.0,4.101544891633456,4.157770464084981,0.0,Normal
5482,21034,2024-04-26 09:00:00+00:00,2024-04-26 09:10:00+00:00,65.49.1.97,US,HTTPS,200,443,10.138.69.97,Suspicious Web Traffic,Adversary Infrastructure Interaction,AWS_VPC_Flow,prod_webserver,2024-04-26 09:00:00+00:00,waf_rule,600.0,-0.28824795496070293,-0.2496126003927511,0.0,Normal
1112,430,2024-04-26 09:00:00+00:00,2024-04-26 09:10:00+00:00,65.49.1.99,US,HTTPS,200,443,10.138.69.97,Suspicious Web Traffic,Adversary Infrastructure Interaction,AWS_VPC_Flow,prod_webserver,2024-04-26 09:00:00+00:00,waf_rule,600.0,-0.28930301394443175,-0.3305791380978979,0.0,Normal
833,4490,2024-04-26 09:00:00+00:00,2024-04-26 09:10:00+00:00,65.49.1.76,US,HTTPS,200,443,10.138.69.97,Suspicious Web Traffic,Adversary Infrastructure Interaction,AWS_VPC_Flow,prod_webserver,2024-04-26 09:00:00+00:00,waf_rule,600.0,-0.2893703735454524,-0.3146247533627544,0.0,Normal
1674,8980,2024-04-26 09:00:00+00:00,2024-04-26 09:10:00+00:00,65.49.1.96,US,HTTPS,200,443,10.138.69.97,Suspicious Web Traffic,Adversary Infrastructure Interaction,AWS_VPC_Flow,prod_webserver,2024-04-26 09:00:00+00:00,waf_rule,600.0,-0.2891673290133435,-0.2969806185201943,0.0,Normal
1328,524,2024-04-26 09:00:00+00:00,2024-04-26 09:10:00+00:00,65.49.1.95,US,HTTPS,200,443,10.138.69.97,Suspicious Web Traffic,Adversary Infrastructure Interaction,AWS_VPC_Flow,prod_webserver,2024-04-26 09:00:00+00:00,waf_rule,600.0,-0.2892508645758996,-0.3302097508651138,0.0,Normal
3534,2982,2024-04-26 09:10:00+00:00,2024-04-26 09:20:00+00:00,136.226.80.97,US,HTTPS,200,443,10.138.69.97,Suspicious Web Traffic,Adversary Infrastructure Interaction,AWS_VPC_Flow,prod_webserver,2024-04-26 09:10:00+00:00,waf_rule,600.0,-0.288718265006539,-0.3205506676929506,0.0,Normal
1628,8980,2024-04-26 09:00:00+00:00,2024-04-26 09:10:00+00:00,65.49.1.74,US,HTTPS,200,443,10.138.69.97,Suspicious Web Traffic,Adversary Infrastructure Interaction,AWS_VPC_Flow,prod_webserver,2024-04-26 09:00:00+00:00,waf_rule,600.0,-0.28917843489738276,-0.2969806185201943,0.0,Normal
5518,12114,2024-04-26 09:00:00+00:00,2024-04-26 09:10:00+00:00,165.225.209.4,CA,HTTPS,200,443,10.138.69.97,Suspicious Web Traffic,Adversary Infrastructure Interaction,AWS_VPC_Flow,prod_webserver,2024-04-26 09:00:00+00:00,waf_rule,600.0,-0.2882392633992809,-0.28466509099311554,0.0,Normal
3314,14998,2024-04-26 09:00:00+00:00,2024-04-26 09:10:00+00:00,65.49.1.69,US,HTTPS,200,443,10.138.69.97,Suspicious Web Traffic,Adversary Infrastructure Interaction,AWS_VPC_Flow,prod_webserver,2024-04-26 09:00:00+00:00,waf_rule,600.0,-0.28877138010411807,-0.2733319763191861,0.0,Normal
5342,11674,2024-04-26 09:00:00+00:00,2024-04-26 09:10:00+00:00,147.161.131.1,AT,HTTPS,200,443,10.138.69.97,Suspicious Web Traffic,Adversary Infrastructure Interaction,AWS_VPC_Flow,prod_webserver,2024-04-26 09:00:00+00:00,waf_rule,600.0,-0.28828175547734414,-0.2863941376146582,0.0,Normal
6486,4458,2024-04-26 09:20:00+00:00,2024-04-26 09:30:00+00:00,147.161.161.82,AE,HTTPS,200,443,10.138.69.97,Suspicious Web Traffic,Adversary Infrastructure Interaction,AWS_VPC_Flow,prod_webserver,2024-04-26 09:20:00+00:00,waf_rule,600.0,-0.2880055569699332,-0.3147505022079575,0.0,Normal
24506,34772,2024-04-26 09:20:00+00:00,2024-04-26 09:30:00+00:00,136.226.67.101,US,HTTPS,200,443,10.138.69.97,Suspicious Web Traffic,Adversary Infrastructure Interaction,AWS_VPC_Flow,prod_webserver,2024-04-26 09:20:00+00:00,waf_rule,600.0,-0.2836549476136876,-0.19562704928649471,0.0,Normal
1942449,49030,2024-04-26 09:20:00+00:00,2024-04-26 09:30:00+00:00,165.225.240.79,NL,HTTPS,200,443,10.138.69.97,Suspicious Web Traffic,Adversary Infrastructure Interaction,AWS_VPC_Flow,prod_webserver,2024-04-26 09:20:00+00:00,waf_rule,600.0,0.17939836873180257,-0.13959807944568792,0.0,Normal
3976,11176,2024-04-26 09:20:00+00:00,2024-04-26 09:30:00+00:00,94.188.248.74,IL,HTTPS,200,443,10.138.69.97,Suspicious Web Traffic,Adversary Infrastructure Interaction,AWS_VPC_Flow,prod_webserver,2024-04-26 09:20:00+00:00,waf_rule,600.0,-0.2886115519468575,-0.28835110401813147,0.0,Normal
10162,23142,2024-04-26 09:20:00+00:00,2024-04-26 09:30:00+00:00,165.225.26.101,DE,HTTPS,200,443,10.138.69.97,Suspicious Web Traffic,Adversary Infrastructure Interaction,AWS_VPC_Flow,prod_webserver,2024-04-26 09:20:00+00:00,waf_rule,600.0,-0.28711805197584006,-0.2413288952149968,0.0,Normal
18231909,1116695,2024-04-26 09:20:00+00:00,2024-04-26 09:30:00+00:00,155.91.45.242,US,HTTPS,200,443,10.138.69.97,Suspicious Web Traffic,Adversary Infrastructure Interaction,AWS_VPC_Flow,prod_webserver,2024-04-26 09:20:00+00:00,waf_rule,600.0,4.112199538775546,4.055953195984595,0.0,Suspicious
22070,23511,2024-04-26 09:20:00+00:00,2024-04-26 09:30:00+00:00,165.225.209.4,CA,HTTPS,200,443,10.138.69.97,Suspicious Web Traffic,Adversary Infrastructure Interaction,AWS_VPC_Flow,prod_webserver,2024-04-26 09:20:00+00:00,waf_rule,600.0,-0.28424307660324444,-0.23987885384374855,0.0,Normal
10222,15024,2024-04-26 09:20:00+00:00,2024-04-26 09:30:00+00:00,147.161.131.1,AT,HTTPS,200,443,10.138.69.97,Suspicious Web Traffic,Adversary Infrastructure Interaction,AWS_VPC_Flow,prod_webserver,2024-04-26 09:20:00+00:00,waf_rule,600.0,-0.28710356604013665,-0.27322980538245856,0.0,Normal
4392,11674,2024-04-26 09:30:00+00:00,2024-04-26 09:40:00+00:00,147.161.161.82,AE,HTTPS,200,443,10.138.69.97,Suspicious Web Traffic,Adversary Infrastructure Interaction,AWS_VPC_Flow,prod_webserver,2024-04-26 09:30:00+00:00,waf_rule,600.0,-0.28851111612598085,-0.2863941376146582,0.0,Normal
14150,26266,2024-04-26 09:30:00+00:00,2024-04-26 09:40:00+00:00,136.226.67.101,US,HTTPS,200,443,10.138.69.97,Suspicious Web Traffic,Adversary Infrastructure Interaction,AWS_VPC_Flow,prod_webserver,2024-04-26 09:30:00+00:00,waf_rule,600.0,-0.28615522011608935,-0.22905266420204407,0.0,Normal
43550,13546,2024-04-26 09:30:00+00:00,2024-04-26 09:40:00+00:00,136.226.64.114,US,HTTPS,200,443,10.138.69.97,Suspicious Web Traffic,Adversary Infrastructure Interaction,AWS_VPC_Flow,prod_webserver,2024-04-26 09:30:00+00:00,waf_rule,600.0,-0.2790571116214378,-0.2790378301702768,0.0,Normal
7474,14080,2024-04-26 09:30:00+00:00,2024-04-26 09:40:00+00:00,94.188.248.74,IL,HTTPS,200,443,10.138.69.97,Suspicious Web Traffic,Adversary Infrastructure Interaction,AWS_VPC_Flow,prod_webserver,2024-04-26 09:30:00+00:00,waf_rule,600.0,-0.287767021895351,-0.27693939631595005,0.0,Normal
1248666,38254,2024-04-26 09:30:00+00:00,2024-04-26 09:40:00+00:00,165.225.240.79,NL,HTTPS,200,443,10.138.69.97,Suspicious Web Traffic,Adversary Infrastructure Interaction,AWS_VPC_Flow,prod_webserver,2024-04-26 09:30:00+00:00,waf_rule,600.0,0.011896769896945008,-0.18194400306783226,0.0,Normal
9908,14552,2024-04-26 09:30:00+00:00,2024-04-26 09:40:00+00:00,165.225.26.101,DE,HTTPS,200,443,10.138.69.97,Suspicious Web Traffic,Adversary Infrastructure Interaction,AWS_VPC_Flow,prod_webserver,2024-04-26 09:30:00+00:00,waf_rule,600.0,-0.28717937577031766,-0.2750846008492043,0.0,Normal
24326941,1529035,2024-04-26 09:30:00+00:00,2024-04-26 09:40:00+00:00,155.91.45.242,US,HTTPS,200,443,10.138.69.97,Suspicious Web Traffic,Adversary Infrastructure Interaction,AWS_VPC_Flow,prod_webserver,2024-04-26 09:30:00+00:00,waf_rule,600.0,5.583736899808636,5.6763056594548065,0.0,Suspicious
28062,52066,2024-04-26 09:30:00+00:00,2024-04-26 09:40:00+00:00,165.225.209.4,CA,HTTPS,200,443,10.138.69.97,Suspicious Web Traffic,Adversary Infrastructure Interaction,AWS_VPC_Flow,prod_webserver,2024-04-26 09:30:00+00:00,waf_rule,600.0,-0.2827964144910012,-0.1276676577570437,0.0,Normal
8928,5548,2024-04-26 09:30:00+00:00,2024-04-26 09:40:00+00:00,147.161.131.1,AT,HTTPS,200,443,10.138.69.97,Suspicious Web Traffic,Adversary Infrastructure Interaction,AWS_VPC_Flow,prod_webserver,2024-04-26 09:30:00+00:00,waf_rule,600.0,-0.287415979386806,-0.3104671821682269,0.0,Normal
5348,4296,2024-04-26 09:40:00+00:00,2024-04-26 09:50:00+00:00,147.161.161.82,AE,HTTPS,200,443,10.138.69.97,Suspicious Web Traffic,Adversary Infrastructure Interaction,AWS_VPC_Flow,prod_webserver,2024-04-26 09:40:00+00:00,waf_rule,600.0,-0.2882803068837738,-0.31538710573679823,0.0,Normal
8052,13298,2024-04-26 09:40:00+00:00,2024-04-26 09:50:00+00:00,165.225.33.6,US,HTTPS,200,443,10.138.69.97,Suspicious Web Traffic,Adversary Infrastructure Interaction,AWS_VPC_Flow,prod_webserver,2024-04-26 09:40:00+00:00,waf_rule,600.0,-0.2876274740480752,-0.28001238372060083,0.0,Normal
38524,42218,2024-04-26 09:40:00+00:00,2024-04-26 09:50:00+00:00,136.226.67.101,US,HTTPS,200,443,10.138.69.97,Suspicious Web Traffic,Adversary Infrastructure Interaction,AWS_VPC_Flow,prod_webserver,2024-04-26 09:40:00+00:00,waf_rule,600.0,-0.2802705501688568,-0.1663668648682981,0.0,Normal
28400,13364,2024-04-26 09:40:00+00:00,2024-04-26 09:50:00+00:00,165.225.212.255,CA,HTTPS,200,443,10.138.69.97,Suspicious Web Traffic,Adversary Infrastructure Interaction,AWS_VPC_Flow,prod_webserver,2024-04-26 09:40:00+00:00,waf_rule,600.0,-0.2827148103865389,-0.2797530267273694,0.0,Normal
2021960,78684,2024-04-26 09:40:00+00:00,2024-04-26 09:50:00+00:00,165.225.240.79,NL,HTTPS,200,443,10.138.69.97,Suspicious Web Traffic,Adversary Infrastructure Interaction,AWS_VPC_Flow,prod_webserver,2024-04-26 09:40:00+00:00,waf_rule,600.0,0.19859488929364735,-0.02306819645653905,0.0,Suspicious
7382,4370,2024-04-26 09:40:00+00:00,2024-04-26 09:50:00+00:00,136.226.77.103,CA,HTTPS,200,443,10.138.69.97,Suspicious Web Traffic,Adversary Infrastructure Interaction,AWS_VPC_Flow,prod_webserver,2024-04-26 09:40:00+00:00,waf_rule,600.0,-0.2877892336634295,-0.3150963115322661,0.0,Normal
9232,23036,2024-04-26 09:40:00+00:00,2024-04-26 09:50:00+00:00,165.225.26.101,DE,HTTPS,200,443,10.138.69.97,Suspicious Web Traffic,Adversary Infrastructure Interaction,AWS_VPC_Flow,prod_webserver,2024-04-26 09:40:00+00:00,waf_rule,600.0,-0.2873425839792423,-0.24174543826473208,0.0,Normal
25199191,1557598,2024-04-26 09:40:00+00:00,2024-04-26 09:50:00+00:00,155.91.45.242,US,HTTPS,200,443,10.138.69.97,Suspicious Web Traffic,Adversary Infrastructure Interaction,AWS_VPC_Flow,prod_webserver,2024-04-26 09:40:00+00:00,waf_rule,600.0,5.794326190096383,5.788548292752812,0.0,Suspicious
6216,13027,2024-04-26 09:40:00+00:00,2024-04-26 09:50:00+00:00,165.225.209.4,CA,HTTPS,200,443,10.138.69.97,Suspicious Web Traffic,Adversary Infrastructure Interaction,AWS_VPC_Flow,prod_webserver,2024-04-26 09:40:00+00:00,waf_rule,600.0,-0.2880707436805984,-0.2810773192534146,0.0,Normal
3996,11674,2024-04-26 09:40:00+00:00,2024-04-26 09:50:00+00:00,147.161.131.1,AT,HTTPS,200,443,10.138.69.97,Suspicious Web Traffic,Adversary Infrastructure Interaction,AWS_VPC_Flow,prod_webserver,2024-04-26 09:40:00+00:00,waf_rule,600.0,-0.28860672330162307,-0.2863941376146582,0.0,Normal
4324,11778,2024-04-26 09:40:00+00:00,2024-04-26 09:50:00+00:00,136.226.80.97,US,HTTPS,200,443,10.138.69.97,Suspicious Web Traffic,Adversary Infrastructure Interaction,AWS_VPC_Flow,prod_webserver,2024-04-26 09:40:00+00:00,waf_rule,600.0,-0.288527533519778,-0.28598545386774815,0.0,Normal
21752,22356,2024-04-26 09:50:00+00:00,2024-04-26 10:00:00+00:00,136.226.67.101,US,HTTPS,200,443,10.138.69.97,Suspicious Web Traffic,Adversary Infrastructure Interaction,AWS_VPC_Flow,prod_webserver,2024-04-26 09:50:00+00:00,waf_rule,600.0,-0.2843198520624723,-0.244417601225298,0.0,Normal
28988,15340,2024-04-26 09:50:00+00:00,2024-04-26 10:00:00+00:00,165.225.213.7,CA,HTTPS,200,443,10.138.69.97,Suspicious Web Traffic,Adversary Infrastructure Interaction,AWS_VPC_Flow,prod_webserver,2024-04-26 09:50:00+00:00,waf_rule,600.0,-0.28257284821664586,-0.2719880355360779,0.0,Normal
30450,14276,2024-04-26 09:50:00+00:00,2024-04-26 10:00:00+00:00,136.226.64.114,US,HTTPS,200,443,10.138.69.97,Suspicious Web Traffic,Adversary Infrastructure Interaction,AWS_VPC_Flow,prod_webserver,2024-04-26 09:50:00+00:00,waf_rule,600.0,-0.28221987425000705,-0.276169184639081,0.0,Normal
3976,11178,2024-04-26 09:50:00+00:00,2024-04-26 10:00:00+00:00,94.188.248.74,IL,HTTPS,200,443,10.138.69.97,Suspicious Web Traffic,Adversary Infrastructure Interaction,AWS_VPC_Flow,prod_webserver,2024-04-26 09:50:00+00:00,waf_rule,600.0,-0.2886115519468575,-0.28834324471530626,0.0,Normal
3782,11038,2024-04-26 09:50:00+00:00,2024-04-26 10:00:00+00:00,165.225.240.79,NL,HTTPS,200,443,10.138.69.97,Suspicious Web Traffic,Adversary Infrastructure Interaction,AWS_VPC_Flow,prod_webserver,2024-04-26 09:50:00+00:00,waf_rule,600.0,-0.28865838980563174,-0.28889339591306984,0.0,Normal
40,264,2024-04-26 09:50:00+00:00,2024-04-26 10:00:00+00:00,192.241.205.18,US,HTTPS,200,443,10.138.69.97,Suspicious Web Traffic,Adversary Infrastructure Interaction,AWS_VPC_Flow,prod_webserver,2024-04-26 09:50:00+00:00,waf_rule,600.0,-0.28956182932899865,-0.331231460232389,0.0,Normal
41336,13180,2024-04-26 09:50:00+00:00,2024-04-26 10:00:00+00:00,136.226.77.103,CA,HTTPS,200,443,10.138.69.97,Suspicious Web Traffic,Adversary Infrastructure Interaction,AWS_VPC_Flow,prod_webserver,2024-04-26 09:50:00+00:00,waf_rule,600.0,-0.2795916426488922,-0.28047608258728723,0.0,Normal
3638,3190,2024-04-26 09:50:00+00:00,2024-04-26 10:00:00+00:00,165.225.26.101,DE,HTTPS,200,443,10.138.69.97,Suspicious Web Traffic,Adversary Infrastructure Interaction,AWS_VPC_Flow,prod_webserver,2024-04-26 09:50:00+00:00,waf_rule,600.0,-0.28869315605131984,-0.31973330019913043,0.0,Normal
25207794,1561220,2024-04-26 09:50:00+00:00,2024-04-26 10:00:00+00:00,155.91.45.242,US,HTTPS,200,443,10.138.69.97,Suspicious Web Traffic,Adversary Infrastructure Interaction,AWS_VPC_Flow,prod_webserver,2024-04-26 09:50:00+00:00,waf_rule,600.0,5.796403231843985,5.802781490169238,0.0,Suspicious
5736,12114,2024-04-26 09:50:00+00:00,2024-04-26 10:00:00+00:00,165.225.209.4,CA,HTTPS,200,443,10.138.69.97,Suspicious Web Traffic,Adversary Infrastructure Interaction,AWS_VPC_Flow,prod_webserver,2024-04-26 09:50:00+00:00,waf_rule,600.0,-0.28818663116622534,-0.28466509099311554,0.0,Normal
9032,5862,2024-04-26 09:50:00+00:00,2024-04-26 10:00:00+00:00,147.161.131.1,AT,HTTPS,200,443,10.138.69.97,Suspicious Web Traffic,Adversary Infrastructure Interaction,AWS_VPC_Flow,prod_webserver,2024-04-26 09:50:00+00:00,waf_rule,600.0,-0.28739087043158684,-0.30923327162467146,0.0,Normal
